data_2,count
0.0,92
85.14,11
241.51,9
4722.0,9
7083.0,9
1180.0,9
240.07,8
142.69,8
649.71,8
3541.0,7
8263.0,7
14603.75,7
5902.0,6
86.94,6
24.61,6
0.02,6
955.0,6
118.81,5
135.31,5
1072.47,5
2866.0,5
59.41,5
100.18,5
428.08,4
190206.0,4
156.03,4
166.97,4
962.18,4
811.48,4
40.07,4
1110.0,4
81.39,4
7.55,4
662.83,4
14603.66,4
1911.0,4
468.09,4
0.01,4
90.21,4
200.35,4
68.0,4
113.91,4
2361.0,4
104.55,4
80.14,4
192.75,3
384.95,3
104.34,3
91.59,3
10320.0,3
172.84,3
133.54,3
206.0,3
1688.79,3
196.8,3
106.86,3
256.82,3
131.49,3
763.0,3
165.51,3
168.68,3
300.52,3
1110.33,3
56505.0,3
172.99,3
88.62,3
72.36,3
9443.0,3
95.05,3
354.55,3
118.8,3
114.41,3
100.17,3
50.85,3
90.02,3
40.13,3
78.01,3
32.9,3
329.65,3
71.85,3
660.0,3
380.51,3
115.45,3
41.38,3
454.9,3
157.08,3
24.67,3
147.5,3
42.09,3
22.67,3
95.13,3
-0.01,3
39.38,3
67.27,3
100.16,3
47.88,3
126.62,3
58.25,3
48.0,3
56.76,3
4737.15,3
0.03,3
106.85,3
52.92,3
85.15,3
73.75,3
208.2,3
1930.92,3
98.45,2
127.87,2
11113.0,2
139.82,2
1940.0,2
5733.0,2
127.78,2
897.0,2
22.66,2
331.31,2
133.55,2
40.15,2
295.04,2
178.46,2
125.18,2
545.92,2
85.08,2
33600.0,2
65.29,2
129.63,2
978.15,2
81.72,2
34713.85,2
180.32,2
618.07,2
13800.0,2
109.47,2
2001.0,2
64.83,2
82.45,2
237.83,2
214.27,2
813.23,2
481.49,2
92.01,2
362.61,2
303.28,2
115.33,2
64.05,2
208.97,2
818.52,2
171.6,2
119.48,2
733.14,2
72.47,2
106.68,2
108.4,2
22.33,2
1216.07,2
7003.0,2
147.69,2
114.13,2
4115.0,2
157.87,2
1186.41,2
1181.0,2
92.84,2
1099.9,2
8121.0,2
278.61,2
134.86,2
401.72,2
2076.68,2
716.24,2
335.42,2
146.35,2
234.53,2
12.89,2
92.59,2
1569.33,2
315.0,2
272.46,2
597.66,2
352.8,2
35.4,2
528.91,2
1.72,2
601.05,2
170.42,2
630.17,2
339.73,2
146.27,2
15.19,2
149.97,2
120.09,2
228.97,2
46.77,2
65.43,2
49.89,2
461.53,2
503.58,2
129.0,2
720.19,2
79.58,2
57.17,2
283.93,2
339.3,2
91.57,2
8120.0,2
25.39,2
243.64,2
300.72,2
361.8,2
178.58,2
69.78,2
14099.0,2
22.73,2
713.46,2
2524.88,2
167.65,2
200.58,2
109.0,2
41.8,2
158.8,2
96.47,2
52.62,2
780.0,2
6782.29,2
164.96,2
234.22,2
219.43,2
166.96,2
133.58,2
132.64,2
65.27,2
120.83,2
321.64,2
104.06,2
2799.73,2
477.34,2
1620.57,2
86.92,2
149.05,2
58.28,2
152.29,2
82.25,2
29.47,2
34713.77,2
171.2,2
4777.0,2
4721.0,2
506.51,2
15.12,2
52.23,2
8280.06,2
6868.0,2
265.71,2
3822.0,2
114.02,2
25200.0,2
228.81,2
576.45,2
348.2,2
274.27,2
424.0,2
156.0,2
475.65,2
83.95,2
143.34,2
135.3,2
261.5,2
16.41,2
57.71,2
123.52,2
60.58,2
120.66,2
787.04,2
2517.47,2
251.51,2
135.9,2
1327.64,2
54.6,2
303.27,2
33986.0,2
173.29,2
429.66,2
2884.45,2
454.31,2
136.9,2
82.0,2
164.4,2
56.38,2
1361.35,2
8.22,2
321.86,2
1480.44,2
916.3,2
205.39,2
135.66,2
555.17,2
56.31,2
401.43,2
34.22,2
709.1,2
68.4,2
172.7,2
444.84,2
379.85,2
191.23,2
78.0,2
517.27,2
272.99,2
238.5,2
1525.0,2
138.37,2
150.35,2
332.95,2
156.67,2
-11.56,2
702.0,2
154.08,2
242.82,2
77.37,2
8596.0,2
163.89,2
555.16,2
146.8,2
292.23,2
86.85,2
119.89,2
25.3,2
71.37,2
116.1,2
71.31,2
122.1,2
99.38,2
66.92,2
214.18,2
318.99,2
91.72,2
192.66,2
30.05,2
1754.36,2
1290.0,2
5600.0,2
257.0,2
433.25,2
122.81,2
-8.22,2
333.94,2
699.48,2
481.89,2
180.33,2
156.55,2
130.13,2
149.3,2
52.88,2
138.78,2
202.16,2
50.12,2
1986.17,2
10163.9,2
664.02,2
22.7,2
683.74,2
146.85,2
120.74,2
461.5,2
212.94,2
241.49,2
122.08,2
106.05,2
-28.05,2
200.34,2
53.5,2
257.26,2
490.32,2
810.67,2
66.09,2
98.07,2
7354.6,2
1013.61,2
264.36,2
291.86,2
535.44,2
65.44,2
120.3,2
106.95,2
263.35,2
1708.93,2
222.0,2
385.0,2
1680.0,2
515.36,2
187.77,2
80.03,2
120.8,2
130.33,2
182.35,2
548.3,2
890.24,2
147.99,2
99.71,2
447.3,2
143.54,2
29.79,2
216.06,2
14100.0,2
104.8,2
98.19,2
252.0,2
30.71,2
504.85,2
69259.67,2
80.44,2
40.89,2
329.75,2
122.12,2
87.12,2
280.62,2
234.04,2
98.47,2
155.2,2
95.82,2
835.72,2
259.08,2
579.22,2
151.23,2
45.46,2
93.5,2
76.86,2
182.13,2
6687.0,2
120.82,2
98.64,2
425.37,2
611.11,2
133.57,2
32.67,2
107.82,2
6654.82,2
1448.06,2
78.52,2
168.82,2
177.9,2
260.27,2
59.35,2
168.0,2
193815.0,2
114.4,2
9.3,2
33.58,2
99.0,2
61.05,2
275.0,2
45.78,2
314.81,2
231.0,2
201.53,2
9720.0,2
154.74,2
8129.75,2
133.56,2
64.78,2
43.8,2
39.67,2
1480.43,2
146.89,2
346.6,2
234.07,2
68.08,2
1330.0,2
306.54,2
180.44,2
1026.94,2
176.43,2
209.3,2
146.48,2
59.63,2
104.89,2
199.48,2
163.73,2
0.04,2
390.48,2
196.76,2
153.9,2
146.52,2
163.3,2
2533.18,2
234.14,2
1245.0,2
372.2,2
57.37,2
77.8,2
-356.01,2
288.0,2
1239.65,2
78.82,2
134.79,2
801.82,2
5732.0,2
369.57,2
119.32,2
198.98,2
-56.1,2
867.0,2
85.75,2
1036.64,2
311.59,2
4440.0,2
1668.19,2
32.64,2
129.42,2
38.25,2
135.72,2
20.44,2
10.32,2
69.89,2
2434.42,2
107.32,2
86.04,2
67.46,2
100.38,2
341.8,2
168.69,2
242.42,2
727.15,2
155.54,2
32.89,2
120.22,2
14.7,2
104.0,2
113.75,2
74.03,2
124.76,2
494.87,2
158.56,2
5400.0,2
476.85,2
373.96,2
474.0,2
33.0,2
120.75,2
216.05,2
113.43,2
42.76,2
80.52,2
111.19,2
96.0,2
29.51,2
200.79,2
200.14,2
93.15,2
80.35,2
75.17,2
10360.0,2
179.53,2
36.0,2
50.02,2
82.27,2
3035.75,2
85.21,2
31.36,2
55.85,2
57158.1,2
46.72,2
25.78,2
49.33,2
643.48,2
173.73,2
24.0,2
28.38,2
141.9,2
189.93,2
163.32,2
99.02,2
137.35,2
362.6,2
147.09,2
18.71,2
389.17,2
71.77,2
72.0,2
520.93,2
41.7,2
122.92,2
168.57,2
90.76,2
-7.68,1
780.33,1
1004.35,1
278.69,1
902.38,1
1045.59,1
180.45,1
3281.2,1
214.02,1
277.84,1
7669.91,1
42.87,1
4817.47,1
780.35,1
521.19,1
38.55,1
310.92,1
2863.43,1
2371.95,1
649.81,1
4064.57,1
3345.72,1
238.2,1
378.51,1
11548.44,1
125.77,1
18.38,1
1047.59,1
2356.34,1
330.04,1
169.55,1
317.89,1
114.06,1
2262.31,1
1651.57,1
1055.05,1
808.56,1
79.07,1
2051.7,1
8.72,1
8644.1,1
234.67,1
42.64,1
774.81,1
1762.71,1
1044.4,1
283.08,1
83.93,1
8403.86,1
92.91,1
210.31,1
289.13,1
17499.0,1
209.88,1
542.47,1
575.4,1
2148.82,1
93.49,1
310.61,1
584.33,1
-29.43,1
194.45,1
138.33,1
1084.12,1
962.79,1
88.7,1
624.37,1
5218.55,1
512.52,1
152.89,1
37645.13,1
889.24,1
301.52,1
10228.84,1
6675.01,1
2225.65,1
56.03,1
35.55,1
2452.27,1
176.28,1
775.2,1
201.77,1
-1.72,1
2680.53,1
558.82,1
31080.0,1
739.97,1
954.09,1
32.05,1
36.04,1
479.6,1
229.69,1
328.4,1
8518.0,1
1671.26,1
937.27,1
96.9,1
1666.96,1
112.1,1
17.28,1
12793.65,1
65.88,1
67.13,1
4.08,1
211.63,1
48.05,1
1482.36,1
901.29,1
4968.18,1
991.07,1
138.89,1
10815.14,1
122.64,1
130.75,1
3257.21,1
630.34,1
1198.97,1
3856.86,1
341.6,1
133.72,1
473.39,1
7596.12,1
60.45,1
597.05,1
8490.83,1
-59.16,1
356.02,1
979.63,1
98.29,1
205.46,1
340.21,1
2761.38,1
685.93,1
878.07,1
558.28,1
4165.09,1
55882.91,1
23.43,1
98.21,1
136.23,1
2228.72,1
13760.61,1
3495.52,1
1255.16,1
299.54,1
66.78,1
738.5,1
48.18,1
1314.01,1
10565.0,1
25.42,1
95468.48,1
62.96,1
272.5,1
12191.03,1
2897.25,1
159.24,1
1273.39,1
578.25,1
527.74,1
783.4,1
732.6,1
124.72,1
172.31,1
115.05,1
1443.36,1
216.09,1
13776.85,1
949.52,1
-2.6,1
1233.14,1
17757.38,1
-89.07,1
71.55,1
324.1,1
4864.59,1
321.44,1
168.91,1
65.05,1
2356.15,1
670.58,1
52652.29,1
30902.0,1
5922.0,1
372.13,1
16.53,1
1895.19,1
1133.47,1
722.2,1
1476.08,1
41233.0,1
35.13,1
454.55,1
517.72,1
28646.49,1
934.48,1
1448.81,1
58.46,1
108.58,1
98.25,1
160.5,1
1072.52,1
288676.0,1
113.84,1
103.75,1
86.02,1
109550.71,1
573.96,1
2540.78,1
3122.32,1
100.75,1
445.74,1
-64.14,1
1781.93,1
-89.01,1
146.98,1
94.55,1
13144.39,1
523.79,1
1053.36,1
5507.81,1
520.2,1
272.31,1
140.91,1
409.18,1
4398.0,1
2301.03,1
1476.36,1
7000.0,1
672.29,1
19590.0,1
212.17,1
22992.0,1
800.58,1
506.57,1
1325.72,1
273.71,1
113.76,1
20.29,1
502.08,1
109.86,1
924.08,1
51.14,1
55698.67,1
42.78,1
1052.79,1
4784.91,1
113.83,1
7220.85,1
2637.02,1
1665.49,1
79.53,1
1487.65,1
381.9,1
693.89,1
146.38,1
93.2,1
279.99,1
106.97,1
863.75,1
2263.87,1
483.11,1
6538.0,1
5797.0,1
1900.22,1
749.12,1
547.42,1
3522.1,1
813.18,1
892.84,1
766.82,1
7693.34,1
2008.9,1
86.09,1
2242.23,1
189.21,1
154.42,1
1223.41,1
3138.44,1
418.65,1
933.58,1
83.44,1
5049.28,1
636.14,1
467.7,1
1115.67,1
17073.0,1
73.98,1
42.84,1
979.33,1
77.29,1
8574.75,1
178.13,1
4338.91,1
217.35,1
792.19,1
85.59,1
18568.21,1
998.61,1
137.84,1
-206.78,1
3838.85,1
167.88,1
19.68,1
51.44,1
740.64,1
-119.11,1
6119.0,1
42.16,1
-18.92,1
35470.26,1
275.09,1
1395.02,1
58.76,1
3315.47,1
370.75,1
1622.18,1
60.75,1
495.0,1
59.92,1
13520.88,1
170.4,1
4907.12,1
1073.82,1
1593.45,1
1267.88,1
6364.23,1
8708.48,1
2805.72,1
87.11,1
78540.0,1
3628.93,1
276.52,1
531.7,1
954.92,1
57.38,1
182.27,1
221.3,1
395.85,1
21187.42,1
1037.58,1
98.74,1
1158393.0,1
941.16,1
962.47,1
10029.66,1
1835.06,1
575.18,1
4781.0,1
482.5,1
27304.23,1
108.16,1
99.08,1
213.45,1
4282.63,1
434.64,1
62701.58,1
1014.59,1
-58.66,1
168.08,1
74.63,1
28107.14,1
3359.24,1
11400.0,1
218.29,1
-986.84,1
4172.63,1
141.74,1
78.35,1
172.48,1
1692.73,1
5349.05,1
59394.0,1
545.73,1
361.69,1
336.31,1
323.99,1
232.81,1
1008.05,1
574.03,1
310.22,1
427.91,1
329.22,1
29.6,1
45.7,1
146.57,1
62.29,1
2722.02,1
4796.13,1
219.75,1
435.68,1
117.35,1
2353.72,1
4194.96,1
61.74,1
2172.83,1
72.15,1
524.22,1
627.29,1
358.86,1
137099.41,1
961.05,1
194.46,1
4028.08,1
365.62,1
812.71,1
881.62,1
829.01,1
1234.02,1
1812.11,1
993.91,1
331.3,1
996.57,1
23.03,1
265.98,1
231.03,1
464.49,1
347.53,1
45058.07,1
1060.26,1
6081.03,1
513.87,1
7118.14,1
845.34,1
491.35,1
52.21,1
75.6,1
138.69,1
7654.18,1
72.85,1
8046.22,1
64.08,1
111.88,1
470.4,1
3079.2,1
540.34,1
5235.48,1
804.25,1
1409.46,1
480.92,1
4668.97,1
49.12,1
98.7,1
1219.99,1
88.78,1
-20.67,1
64.06,1
780.19,1
88.22,1
593.28,1
2239.53,1
14.03,1
23.37,1
42.7,1
736.43,1
1826.05,1
101.02,1
74.42,1
3364.29,1
491.42,1
891.23,1
434.16,1
2487.15,1
47.73,1
113.33,1
82.61,1
667.16,1
10972.1,1
14200.93,1
76.2,1
561.99,1
1934.87,1
814.15,1
909.85,1
207.81,1
108.3,1
3166.19,1
14.26,1
14.68,1
165.35,1
1780.12,1
1757.92,1
1388.2,1
671.27,1
9151.0,1
72.04,1
131.88,1
2067.75,1
939.5,1
170.37,1
45.91,1
181.65,1
1814.37,1
548.54,1
503.51,1
699.59,1
112.81,1
18000.0,1
141.06,1
60689.45,1
313.24,1
51.81,1
47.51,1
70.47,1
339.65,1
8143.14,1
430.01,1
6334.0,1
296.13,1
197817.0,1
222.96,1
60.03,1
68.64,1
106.84,1
143.41,1
233.72,1
67.42,1
235.37,1
52.58,1
71.02,1
940.56,1
78.32,1
0.18,1
506.48,1
1379.49,1
220.9,1
107.8,1
111.69,1
198.31,1
868.47,1
19595.91,1
1190.91,1
2175.85,1
207.44,1
215.4,1
220.1,1
615.14,1
98.66,1
221.17,1
15498.0,1
234.73,1
10827.0,1
5580.0,1
1153.0,1
2687.03,1
898.33,1
134.1,1
499.96,1
1006.15,1
3532.41,1
300.63,1
144574.0,1
501.82,1
16603.15,1
51667.59,1
318.5,1
54568.0,1
428.79,1
269.21,1
130.48,1
705.61,1
12228.38,1
1309.73,1
567.31,1
2935.9,1
838.12,1
7189.01,1
376.25,1
276.35,1
80.42,1
85.65,1
9723.87,1
1019.9,1
195.58,1
259.87,1
14573.59,1
155.77,1
97.71,1
7149.3,1
1561.17,1
513.16,1
1097.5,1
3218.25,1
189.5,1
347.5,1
87.75,1
38.19,1
761.65,1
181.25,1
30237.11,1
514.51,1
1032.28,1
129.55,1
3614.94,1
259.56,1
136.63,1
2173.83,1
20361.51,1
604.18,1
12.84,1
201.52,1
642.77,1
3071.28,1
354.3,1
1008.74,1
540.44,1
666.31,1
8523.63,1
156.24,1
162.83,1
78.68,1
73.22,1
-86.55,1
635.89,1
443.64,1
198.38,1
1280.94,1
126.3,1
18218.83,1
118.95,1
19.18,1
3721.13,1
12371.0,1
1467.0,1
768.79,1
16100.12,1
112.01,1
1187.85,1
990.54,1
48.03,1
2117.98,1
58.24,1
3940.52,1
3844.42,1
10788.32,1
1093.01,1
716.1,1
119.74,1
1791.8,1
163.58,1
130.43,1
4448.55,1
12696.6,1
283.61,1
2052.17,1
706.9,1
1541.08,1
504.44,1
17.52,1
416.79,1
834.64,1
222.01,1
179.81,1
218.87,1
735.84,1
163661.87,1
261.15,1
7.72,1
733.46,1
25.03,1
331.22,1
151.8,1
238.19,1
972.09,1
14738.53,1
2511.02,1
380.16,1
1696.49,1
280.16,1
163.91,1
368.66,1
1092.24,1
263.76,1
23.95,1
213.09,1
1168.13,1
669.35,1
388.99,1
207.5,1
6684.0,1
708.58,1
128.75,1
84.84,1
213.41,1
459.18,1
106.39,1
459945.0,1
1501.3,1
1669.83,1
716.92,1
2425.96,1
532.53,1
2092.44,1
209.55,1
290.64,1
487.77,1
101.28,1
67.03,1
307.98,1
16736.25,1
1953.35,1
703.63,1
1124.11,1
118.57,1
363.9,1
1937.57,1
1599.52,1
5598.0,1
465.02,1
228.14,1
596.48,1
136.46,1
9.12,1
242.28,1
543.21,1
49.57,1
60.68,1
866.68,1
179.82,1
148.05,1
168.54,1
195.42,1
263.16,1
1206.0,1
288.24,1
90.59,1
32.2,1
740.78,1
2205.55,1
601.26,1
563.22,1
114.18,1
127.43,1
853.52,1
596.39,1
2613.34,1
1072.66,1
2670.68,1
118.18,1
530.72,1
5000.9,1
785.55,1
80.06,1
49.41,1
124.66,1
1119.55,1
1652.78,1
186.18,1
78402.0,1
530.52,1
5001.34,1
158.19,1
262162.19,1
7.09,1
175.64,1
476.47,1
851.28,1
438.19,1
5180.63,1
467.53,1
270.82,1
1711.01,1
1170.72,1
17.46,1
-314.5,1
122.68,1
902.11,1
171676.19,1
240.36,1
299.63,1
522.17,1
910.0,1
2486.22,1
1017.83,1
18.75,1
234.0,1
597.89,1
391.76,1
489.38,1
22820.26,1
135.08,1
603.01,1
423.4,1
66.76,1
328.33,1
387630.0,1
322.0,1
65.58,1
338.25,1
4429.03,1
11168.72,1
55.21,1
397.47,1
803.55,1
46.75,1
251.82,1
72334.0,1
11727.13,1
242.3,1
1484.85,1
16.48,1
112.06,1
988.99,1
13906.0,1
282.87,1
13480.0,1
2272.89,1
2636.63,1
279.52,1
357.17,1
43.84,1
160.28,1
1743.22,1
5667.12,1
905.31,1
300.3,1
22807.03,1
2629.64,1
41.98,1
3229.0,1
249.0,1
3120.22,1
551.45,1
222.27,1
26936.0,1
79.4,1
2263.81,1
161.74,1
562.13,1
689.23,1
2431.78,1
256.06,1
3433.1,1
512.55,1
481.09,1
598.0,1
2654.55,1
312.06,1
425.94,1
2462.09,1
30.22,1
12281.13,1
148.99,1
486.14,1
174.98,1
21404.44,1
2474.82,1
40392.0,1
52.37,1
486.16,1
107.96,1
1192.47,1
312.27,1
2104.65,1
519.45,1
79483.0,1
-105.98,1
7957.9,1
10836.2,1
1698.19,1
7357.5,1
349.01,1
295.73,1
100.81,1
89.13,1
250.24,1
162.69,1
310.62,1
6886.05,1
86.28,1
1500.2,1
22.68,1
401.81,1
111.94,1
193.14,1
4590.2,1
2477.6,1
546.52,1
113.54,1
589.84,1
-40.88,1
250.15,1
497.07,1
195.92,1
25120.93,1
381.83,1
3494.77,1
29411.25,1
2751.01,1
779.27,1
432.94,1
128.53,1
770.55,1
949.45,1
220.28,1
146.19,1
643.8,1
273.49,1
51256.0,1
523.11,1
339.67,1
54345.08,1
390.95,1
858.1,1
311.7,1
1820.9,1
14843.13,1
106.66,1
76.04,1
1774.5,1
2004.0,1
251.5,1
1720.39,1
1526.0,1
-44.94,1
5565.12,1
330.18,1
96.39,1
497.88,1
1057.83,1
122.34,1
235.09,1
598.84,1
2089.76,1
496.26,1
24.31,1
69.93,1
3818.54,1
206.55,1
46.62,1
1883.05,1
975.39,1
144522.0,1
1238.38,1
4231.07,1
80.29,1
335.36,1
2411.52,1
282.84,1
377.96,1
541.7,1
45.65,1
130.83,1
-86.72,1
1282.14,1
104.95,1
14175.0,1
32088.57,1
72600.0,1
1392.93,1
125.32,1
53.6,1
605.25,1
942.54,1
-738.15,1
468.26,1
2121.08,1
1797.35,1
1162.65,1
1300.11,1
235.94,1
2425.12,1
2813.59,1
22247.0,1
269.12,1
915.94,1
-103.23,1
447.71,1
962.58,1
2232.15,1
577.44,1
745.67,1
29409.0,1
128.22,1
21.49,1
63924.9,1
4821.02,1
38.7,1
2046.18,1
70.67,1
858.28,1
3776.04,1
-110.58,1
14190.0,1
31.73,1
447.79,1
495043.0,1
96.98,1
10946.9,1
5774.0,1
4734.55,1
3236.8,1
1256.44,1
446.21,1
151.43,1
1145.96,1
725.81,1
32.77,1
3868.08,1
49834.0,1
43.28,1
7406.0,1
1462.02,1
184.8,1
111469.0,1
-79.6,1
1438.67,1
254.77,1
246.35,1
9930.88,1
157.13,1
572.59,1
511.16,1
60.74,1
8532.71,1
312.07,1
191.42,1
6.13,1
5724.39,1
321.25,1
5650.0,1
569.59,1
117.54,1
93.88,1
2726.16,1
63.06,1
99.12,1
222595.0,1
530.98,1
931.87,1
446.67,1
465.65,1
187.2,1
130.81,1
190.64,1
46.3,1
2094.07,1
11070.0,1
66590.51,1
1816.3,1
78.3,1
803.85,1
137.22,1
111095.0,1
208.62,1
2371.96,1
2775.82,1
56.98,1
155.41,1
14365.9,1
102.17,1
468.08,1
316.0,1
85.5,1
21.25,1
3271.86,1
88.5,1
16.49,1
73.0,1
113.59,1
-6120.96,1
447.36,1
122.01,1
9639.78,1
94.4,1
224.21,1
79.52,1
556.81,1
328.61,1
52.59,1
525.52,1
66.73,1
13052.6,1
2773.99,1
5735.42,1
403.56,1
238.88,1
94969.08,1
12914.98,1
7579.65,1
293.03,1
126.2,1
97.41,1
141.88,1
40380.0,1
1143.0,1
610.79,1
568.87,1
17250.0,1
28.36,1
28.06,1
836.27,1
3343.98,1
74.78,1
6899.25,1
424.88,1
206.32,1
291.83,1
1554.62,1
3076.1,1
404.99,1
4290.86,1
101.22,1
482.97,1
2732.29,1
887.06,1
659.41,1
883.6,1
906.21,1
362.5,1
2147.61,1
502.41,1
1123.93,1
-29.57,1
1678.53,1
1257.47,1
317.1,1
244.11,1
128.01,1
141.93,1
112.31,1
-42.24,1
2824.95,1
383.15,1
50.87,1
34.01,1
71385.97,1
767.96,1
146.62,1
7.57,1
58.81,1
333.13,1
554.33,1
2103.16,1
278.7,1
1853.2,1
51.36,1
105323.0,1
117.05,1
6973.0,1
208.53,1
531.24,1
360.69,1
171.78,1
162.88,1
114.04,1
101.63,1
223118.0,1
265.84,1
728.5,1
154.79,1
2595.36,1
2441.46,1
329.05,1
20226.0,1
291.48,1
1191.46,1
738.62,1
804.55,1
2713.37,1
962.05,1
2027.9,1
449.4,1
948.76,1
36.68,1
150.26,1
551.83,1
1955.85,1
5.36,1
2699.69,1
1096.34,1
7325.59,1
5281.29,1
973.59,1
90.47,1
80.21,1
900.31,1
1257.72,1
243.78,1
162.44,1
11.47,1
207.68,1
3096.12,1
593.97,1
136.11,1
137.63,1
13137.63,1
4564.64,1
716.25,1
9.37,1
1435.73,1
1914.05,1
82688.34,1
1277.95,1
7517.52,1
179.13,1
1651.13,1
86.48,1
254.85,1
94158.38,1
84.71,1
32187.43,1
357.25,1
1398.82,1
1655.72,1
3133.47,1
158.4,1
693.46,1
369.0,1
71.05,1
-95.64,1
940.68,1
3038.75,1
977.5,1
100.95,1
1135.89,1
113.99,1
1762.51,1
766.31,1
1454.06,1
65.47,1
157136.2,1
314.77,1
31479.0,1
104.98,1
6561.98,1
170.25,1
396.29,1
214.41,1
684.9,1
163.05,1
112.52,1
64.57,1
238.32,1
19079.42,1
385.82,1
397.18,1
2719.0,1
16992.0,1
256.18,1
1150.61,1
2426.08,1
82886.0,1
341.97,1
39553.0,1
920.64,1
19180.0,1
732.98,1
1208.14,1
1151.86,1
223.21,1
17644.25,1
1071.03,1
2321.94,1
522.22,1
5208.77,1
89010.0,1
1092.25,1
284.86,1
151.46,1
106.22,1
12335.8,1
1026.69,1
-1754.04,1
1468.32,1
767.21,1
75.06,1
4007.18,1
205.11,1
40002.0,1
1306.98,1
3193.4,1
2476.26,1
4787.2,1
181.88,1
446.56,1
175.57,1
9801.26,1
196.2,1
10236.39,1
35232.0,1
224.62,1
968.09,1
229.77,1
167.13,1
490.48,1
149.24,1
220.87,1
47573.0,1
3401.48,1
132.7,1
104.65,1
4747.26,1
58.43,1
128.34,1
229.56,1
42405.42,1
1061.51,1
204.2,1
446.23,1
25752.0,1
1007.73,1
89.38,1
592.8,1
87.1,1
142.77,1
17330.33,1
858.17,1
57.05,1
403.7,1
744885.0,1
338.42,1
272.71,1
1591.1,1
537.91,1
89.92,1
11.44,1
15480.0,1
183.0,1
1034.0,1
2838.39,1
537.6,1
48.25,1
113.13,1
583.39,1
724.61,1
126.68,1
35.99,1
389.89,1
3077.77,1
245.57,1
2376.45,1
376.86,1
298.65,1
1400.3,1
59.22,1
499.58,1
2723.82,1
4796.25,1
537.17,1
87.68,1
466.03,1
780.56,1
93.21,1
562.56,1
140.74,1
5260.29,1
651.17,1
7154.15,1
166.67,1
303.75,1
1207.57,1
32518.88,1
28.94,1
1593.74,1
5159.73,1
3870.31,1
3921.69,1
1286.71,1
45.1,1
142.56,1
1061.85,1
3141.13,1
87.72,1
1591.32,1
54750.0,1
346.68,1
672.04,1
13.76,1
1146.87,1
3923.99,1
46.87,1
81.58,1
178.22,1
707.17,1
43.78,1
85.53,1
2553.14,1
-995.97,1
297.47,1
985.34,1
2487.08,1
99.37,1
511.23,1
55685.0,1
102.11,1
787.12,1
225.81,1
1383.1,1
66.85,1
43.02,1
320.56,1
7666.18,1
1209.75,1
189.87,1
355.84,1
2957.77,1
3418.86,1
16863.74,1
2355.35,1
47915.83,1
261500.0,1
661.09,1
367.23,1
217.84,1
258.14,1
600.55,1
458.06,1
-40.24,1
107.83,1
635.25,1
33929.97,1
277.6,1
146.79,1
1176.77,1
1869.78,1
917.11,1
307.85,1
56.17,1
205.19,1
142.0,1
-63.7,1
583.78,1
3278.45,1
296.11,1
553.3,1
1085.19,1
100.19,1
1541.06,1
544.6,1
47791.99,1
255496.0,1
328.84,1
32.59,1
1687.77,1
3263.77,1
461.81,1
154.98,1
106.07,1
242.61,1
4010.08,1
52.27,1
76.73,1
292.39,1
11686.29,1
604.73,1
155.43,1
-132.72,1
328.43,1
498.8,1
322.98,1
206.98,1
787.95,1
4121.96,1
1608.65,1
499.88,1
186.57,1
6265.54,1
3362.43,1
17433.66,1
266.92,1
57.07,1
2601.01,1
20366.96,1
57743.0,1
166.05,1
780.97,1
644.36,1
81.66,1
16.55,1
646.25,1
200.5,1
1594.39,1
286.29,1
847.37,1
69.75,1
103.84,1
74.83,1
1778.93,1
25.79,1
202.25,1
836.55,1
18384.0,1
39.33,1
334.66,1
199.67,1
299.94,1
1325.53,1
1546.47,1
234.05,1
336.77,1
771.72,1
152.37,1
3456.38,1
936.94,1
15783.01,1
1006.46,1
79.95,1
862.48,1
1102.5,1
1244.88,1
146.94,1
4341.19,1
113.53,1
2547.6,1
295.55,1
63.11,1
143.31,1
159.1,1
180.38,1
-76.8,1
724.06,1
378.36,1
64000.0,1
1100.72,1
342.32,1
230.7,1
183.66,1
1199.59,1
436.49,1
7.43,1
181.2,1
111.6,1
6582.13,1
2582.96,1
2318.64,1
562.82,1
150.69,1
125.89,1
6761.94,1
291.93,1
100.6,1
96.64,1
30908.0,1
3292.0,1
56.94,1
7528.0,1
670.57,1
813.43,1
510.92,1
4465.66,1
2026.03,1
1197.97,1
115.65,1
3079.17,1
1348.58,1
220.69,1
944.3,1
1568.0,1
6914.65,1
665.35,1
1147.17,1
260.29,1
20518.22,1
21.24,1
891.44,1
7489.08,1
114.69,1
781.92,1
1132.62,1
2419.9,1
1002.38,1
825.69,1
157.17,1
132.65,1
629.24,1
12495.85,1
365.12,1
565.68,1
730.59,1
7489.83,1
8254.77,1
367.01,1
20134.48,1
170.49,1
124.02,1
176.23,1
2889.91,1
4889.04,1
752.87,1
165.43,1
1448.31,1
6147.9,1
51395.07,1
1606.01,1
1281.99,1
48.89,1
1856.85,1
2846.3,1
2063.13,1
139.45,1
130.44,1
176.41,1
151.95,1
845.46,1
9500.0,1
1100.75,1
131.01,1
7105.24,1
60.18,1
279.18,1
26073.0,1
3507.15,1
255.66,1
75.61,1
2172.27,1
481.18,1
269.64,1
82.29,1
1556.36,1
74.02,1
4880.51,1
140.0,1
1136.0,1
64893.0,1
2247.42,1
178.48,1
755.13,1
57.27,1
464.15,1
635.02,1
32.33,1
509.53,1
23.39,1
-0.06,1
448.22,1
8128.08,1
119.77,1
831.99,1
559.15,1
588.85,1
1427.13,1
405.2,1
395.84,1
62.22,1
172.52,1
717.32,1
449.03,1
25.45,1
10419.84,1
60.52,1
90872.0,1
22168.0,1
14.29,1
421.04,1
457.98,1
6455.38,1
298.68,1
791.99,1
1290.62,1
365.73,1
3966.65,1
1119.76,1
631.61,1
145.39,1
840.1,1
17220.87,1
41384.0,1
643.29,1
310.91,1
287.09,1
66.31,1
1910.0,1
374.94,1
1035.47,1
412.61,1
38247.86,1
119.56,1
154.96,1
723.53,1
566.3,1
93.02,1
117.87,1
6837.25,1
1046.5,1
313.27,1
277.63,1
936.62,1
636.74,1
318.2,1
89.95,1
124.26,1
879.83,1
405.69,1
179.27,1
249.36,1
1878.77,1
266.53,1
1080.55,1
1727.45,1
1397.88,1
647.4,1
585.49,1
-62.52,1
743990.0,1
125.46,1
93.27,1
2215.36,1
3255.53,1
925.27,1
26.1,1
399.84,1
786.73,1
295730.0,1
928.38,1
441.81,1
4888.4,1
1225.9,1
142.7,1
15.76,1
1088.78,1
22739.0,1
235.11,1
1403.46,1
184.26,1
2017.65,1
49.44,1
199.71,1
45.69,1
258.17,1
13.77,1
81.54,1
158.91,1
81.84,1
6582.0,1
14.41,1
607.0,1
632.29,1
190.09,1
10549.55,1
16800.0,1
8653.34,1
2148.67,1
1739.72,1
133.37,1
356.35,1
22.93,1
1772.16,1
39.42,1
583.03,1
14308.63,1
7312.27,1
595.58,1
312.58,1
1783.16,1
1072.84,1
118.43,1
1846.27,1
1913.73,1
-41.01,1
269.09,1
326.76,1
11305.68,1
1853.73,1
110.05,1
216.9,1
136.1,1
13915.01,1
104.66,1
185.17,1
24790.0,1
16688.0,1
164.87,1
126.45,1
93017.0,1
1169.94,1
599.92,1
88.53,1
108.92,1
127.73,1
225.07,1
455.65,1
693.2,1
2875.59,1
107.78,1
17704.0,1
41.24,1
346.56,1
3698.71,1
2301.17,1
3070.15,1
34270.42,1
43.43,1
1680.34,1
1042.96,1
84.94,1
26.15,1
2598.19,1
43581.13,1
17907.72,1
20171.0,1
40.72,1
114.38,1
117.1,1
295.17,1
159.2,1
233.17,1
71.98,1
2568.68,1
8143.2,1
36.95,1
6686.15,1
122.67,1
340.56,1
3602.02,1
10338.85,1
14520.0,1
2468.61,1
573.07,1
670.93,1
7651.67,1
6765.66,1
377.02,1
1069.03,1
1866.97,1
148.8,1
785.79,1
388.12,1
89.1,1
18015.81,1
573.32,1
720.47,1
365.65,1
692.53,1
135.29,1
170.77,1
154.23,1
74.93,1
-28.06,1
9245.55,1
7174.73,1
2046.95,1
314.7,1
150.58,1
343.53,1
91.21,1
532.03,1
618.91,1
345.03,1
263.93,1
3358.78,1
1192591.0,1
251.38,1
97.62,1
367.48,1
124.31,1
57161.23,1
1089.26,1
1126.74,1
425.9,1
185.05,1
541.77,1
220.43,1
1199.31,1
245.55,1
23.68,1
167.82,1
179.48,1
2150.77,1
2232.59,1
55.84,1
5123.0,1
80.81,1
1030.24,1
66365.0,1
105.72,1
300.32,1
64.11,1
1528.77,1
27.33,1
1696.69,1
159.82,1
1195.63,1
115.42,1
-1389.0,1
66.25,1
449.26,1
1691.89,1
1276.11,1
317.73,1
532.32,1
62.84,1
95.09,1
104.91,1
1830.88,1
424.9,1
2042.17,1
252.56,1
1222.99,1
386.15,1
41580.0,1
68.77,1
848.93,1
1468.42,1
392.24,1
1650.5,1
1003.51,1
1014.62,1
764.49,1
2125.7,1
619.79,1
799.35,1
1778.27,1
449.84,1
83.94,1
131.4,1
10.94,1
-8295.0,1
462.28,1
387.43,1
153.52,1
27493.81,1
3034.31,1
3221.69,1
1644.03,1
1240.3,1
2183.41,1
25.8,1
321.57,1
2905.7,1
965.46,1
1816.02,1
352.5,1
30960.0,1
345.5,1
11798.0,1
909.18,1
19781.99,1
-27.68,1
1850.13,1
226.89,1
2460.8,1
4031.14,1
2315.49,1
244.2,1
873.82,1
985.93,1
5139.88,1
320198.0,1
630.79,1
194.43,1
65.73,1
1678.69,1
227.54,1
633.21,1
160.32,1
1791.59,1
451281.0,1
193.11,1
34.45,1
2004.01,1
1221.87,1
1271.3,1
874.34,1
142.76,1
5887.86,1
910.09,1
933.62,1
190.48,1
594.81,1
925.19,1
216.13,1
102.64,1
422.45,1
345.16,1
259.53,1
548.14,1
70.21,1
378.32,1
945.23,1
957.91,1
3943.47,1
2864.07,1
1207.43,1
206.63,1
5340.95,1
114.12,1
1033.92,1
241.23,1
466.74,1
220.31,1
16.65,1
76.1,1
507.38,1
94.28,1
172.66,1
200.2,1
199.94,1
201.6,1
2122.5,1
1333.89,1
244.07,1
570.63,1
1701.22,1
425.73,1
99.13,1
26.3,1
2299.11,1
40.73,1
25984.0,1
2054.0,1
121.52,1
1121.44,1
30.73,1
5967.28,1
1363.67,1
189.4,1
767.17,1
17.84,1
2353.54,1
49.22,1
90.99,1
802.06,1
6874.2,1
1073.45,1
1608.78,1
781.94,1
135.85,1
14178.14,1
788019.0,1
36.02,1
116.63,1
-6.82,1
-64.32,1
103.37,1
5814.82,1
68.94,1
56133.91,1
439.7,1
242.33,1
233.4,1
1529.17,1
19102.85,1
2013.09,1
3973.75,1
1883.57,1
1148.43,1
19776.24,1
455.98,1
105.74,1
1039.01,1
96.56,1
1064.99,1
1812.48,1
39678.0,1
235.76,1
92.9,1
21039.0,1
2175.43,1
5731.0,1
-132.01,1
114.29,1
462.79,1
98.72,1
108619.26,1
267.11,1
255.86,1
85.99,1
1089898.0,1
271.67,1
21249.2,1
1618.4,1
3776.32,1
14576.78,1
2092.21,1
1088.24,1
955.11,1
3049.78,1
117.63,1
4488.75,1
953.43,1
25.69,1
85.85,1
590.67,1
15.74,1
86.83,1
17388.75,1
14989.57,1
16146.0,1
480.5,1
4564.0,1
108.44,1
138.42,1
1699.53,1
780.2,1
387.27,1
4971.89,1
6718.54,1
127.98,1
95.52,1
19664.78,1
313.67,1
189.03,1
695.88,1
610.31,1
124.01,1
-33.5,1
296.39,1
113.52,1
363.61,1
40.09,1
988.33,1
1570.88,1
1689.77,1
1270.23,1
8.29,1
2991.1,1
502.72,1
1910.8,1
156.63,1
1130.46,1
3818.27,1
175.76,1
272.39,1
174.15,1
1729.34,1
831.68,1
836.5,1
669.66,1
830.34,1
408.93,1
230.27,1
522.77,1
146.32,1
311845.0,1
155.19,1
190.81,1
1048.16,1
408.1,1
1314.5,1
23700.85,1
380.71,1
84.66,1
21586.18,1
14357.41,1
1538.34,1
1029.37,1
21.34,1
234.11,1
2464.15,1
620.36,1
102.23,1
449.02,1
142.5,1
1980.0,1
171.09,1
1779.61,1
330.69,1
183.76,1
336.82,1
385.18,1
1453.4,1
73.43,1
45137.0,1
323.42,1
647.47,1
563.3,1
1548.1,1
99.48,1
559.93,1
804.6,1
296.65,1
185.57,1
11539.0,1
421.95,1
1424.2,1
202.44,1
229.1,1
-177.42,1
222.38,1
14399.56,1
738.4,1
8500.7,1
9329.02,1
197.9,1
668.4,1
4792.35,1
233.85,1
20400.0,1
639.76,1
161.1,1
115.32,1
168.02,1
112.8,1
135.49,1
181917.49,1
2445.22,1
2324.42,1
131.58,1
706.27,1
271.8,1
49.21,1
222.06,1
78.55,1
2875.85,1
540.6,1
241.35,1
36.22,1
708.75,1
71.68,1
243.6,1
32.6,1
561.71,1
662.91,1
522.4,1
135673.0,1
1307.13,1
58490.75,1
1270.3,1
747.99,1
409.31,1
10055.05,1
15.04,1
29520.24,1
109.26,1
2152.58,1
7063.38,1
617.92,1
2464.6,1
-1385.99,1
155.56,1
681.92,1
195.45,1
218.44,1
378.64,1
12392.84,1
59.2,1
12060.0,1
62.36,1
736.61,1
1107.42,1
152.54,1
52.79,1
93.6,1
260.49,1
6635.03,1
98.88,1
392.17,1
173.53,1
288.84,1
83.6,1
67280.07,1
7661.02,1
84659.11,1
80.4,1
493.73,1
252.57,1
267.5,1
1568.06,1
834.19,1
26.48,1
871.58,1
5983.67,1
509.89,1
1570.03,1
227.3,1
5786.41,1
566.29,1
2392.5,1
157.43,1
124.23,1
2126.05,1
628.32,1
2480.16,1
453.42,1
44.23,1
36.69,1
303.33,1
41760.0,1
15.62,1
890.14,1
977.4,1
320.3,1
54.27,1
162.08,1
54403.0,1
766.44,1
4678.2,1
865.56,1
121.49,1
1264.23,1
685.34,1
360.54,1
2650.43,1
3268.19,1
180.73,1
550.23,1
88.61,1
165.78,1
683.34,1
1282219.0,1
1697.11,1
221.7,1
40.88,1
247.95,1
772189.0,1
265.62,1
727.48,1
769.91,1
639.61,1
93.18,1
3829.11,1
5849.7,1
155.66,1
87.61,1
1052.04,1
17562.54,1
45.31,1
1229.12,1
32.73,1
677.62,1
177.41,1
251.34,1
501.09,1
192.5,1
93.0,1
38.75,1
908.67,1
2013.16,1
30464.0,1
39.0,1
324.5,1
66.0,1
204.0,1
1071.4,1
313.36,1
10624.0,1
880.0,1
2710.66,1
1056.0,1
191.18,1
341.37,1
94.57,1
499.33,1
361.38,1
9.31,1
446.13,1
803.25,1
179.24,1
182.49,1
12347.0,1
688573.96,1
491.02,1
450.4,1
99.86,1
240.56,1
268.59,1
3179.28,1
161.75,1
272.96,1
1297.2,1
360.62,1
140.42,1
98.69,1
291892.0,1
290.27,1
111.45,1
911.14,1
9693.29,1
507.78,1
4937.94,1
862.87,1
2793.58,1
192.49,1
1287.65,1
2477.2,1
82.2,1
9349.78,1
11802.0,1
246.66,1
1512.1,1
4002.0,1
813.16,1
159.71,1
4311.06,1
693.08,1
8255.45,1
48.33,1
229.74,1
408.73,1
566.92,1
2027.46,1
291.69,1
426.31,1
192.81,1
1799.9,1
76.98,1
161.19,1
1229.5,1
36777.0,1
735.11,1
627.7,1
54.38,1
17554.09,1
2972.56,1
3371.32,1
721.09,1
366.78,1
38181.93,1
464.05,1
176.33,1
110812.0,1
3580.43,1
231.51,1
287.24,1
1751.73,1
77.74,1
3913.24,1
1409.52,1
474.12,1
156.35,1
1449.36,1
2989.5,1
1014.9,1
88.48,1
313.3,1
168399.0,1
90.71,1
11037.0,1
241249.85,1
-7.56,1
451.78,1
216.77,1
762.02,1
1603.77,1
24.28,1
2123.19,1
547994.62,1
368.46,1
410.99,1
135636.0,1
372.3,1
564.87,1
915.7,1
2847.63,1
246.86,1
543.42,1
7638.31,1
5262.0,1
79.98,1
179.28,1
114909.0,1
6538.87,1
121.86,1
245.34,1
33903.0,1
302.1,1
87.52,1
90.57,1
734.68,1
319.55,1
244.91,1
1659.55,1
7408.0,1
780.58,1
230.75,1
512.29,1
17012.9,1
10820.91,1
1570.28,1
3595.44,1
175.78,1
90.22,1
1420.83,1
1205.54,1
131.68,1
3938.96,1
223.63,1
214.29,1
234.19,1
161.68,1
125.64,1
170.31,1
540.8,1
131.72,1
1008.69,1
12100.66,1
578.2,1
450.9,1
837.37,1
22039.98,1
518.63,1
2347.8,1
19089.94,1
51141.01,1
163.23,1
65.62,1
143447.0,1
107.33,1
63510.0,1
2491.93,1
465.76,1
1670.08,1
103.1,1
178.53,1
2764.62,1
-0.04,1
9739.74,1
2992.51,1
31561.93,1
6334.05,1
49.95,1
2564.26,1
1306.92,1
7636.95,1
2443.5,1
703.09,1
779.68,1
1285.7,1
325.62,1
173.76,1
320.32,1
1766.72,1
509.35,1
71.97,1
66.26,1
5678.9,1
171750.27,1
3618.12,1
459.22,1
3768.19,1
781.08,1
1754.66,1
860.91,1
570.57,1
228.55,1
228.48,1
389.28,1
1906.95,1
70.7,1
684.19,1
203.48,1
170.13,1
97.29,1
81030.0,1
194.42,1
524.64,1
9733.0,1
376.56,1
54.04,1
1320.0,1
400.9,1
212.78,1
2910.59,1
10394.51,1
415.6,1
84.91,1
22.18,1
1572.15,1
9734.0,1
3868.82,1
417.12,1
394.11,1
977.95,1
5822.82,1
20169.79,1
2511.99,1
360.79,1
2789.15,1
-38.04,1
122.11,1
731.17,1
497.45,1
140.12,1
366.91,1
147.82,1
8.3,1
17.47,1
168.84,1
606.18,1
47.26,1
896.5,1
65.5,1
53.34,1
81977.0,1
644.87,1
122.77,1
14000.0,1
787.5,1
741.29,1
1142.14,1
8400.0,1
562.88,1
7194.81,1
91.4,1
-15.29,1
1451.68,1
528.32,1
298.15,1
121972.54,1
364.51,1
293.64,1
1822.43,1
1234.5,1
2865.76,1
17794.33,1
682.49,1
171.23,1
1493.3,1
1810.7,1
91.8,1
125.94,1
238.85,1
234.06,1
5298.51,1
45.85,1
1561.57,1
48480.0,1
2876.11,1
6760.0,1
4248.38,1
249.28,1
229.72,1
677.06,1
4513.84,1
43818.99,1
938.13,1
309.48,1
78.25,1
18.6,1
2590.9,1
24199.11,1
3703.0,1
23355.05,1
431.67,1
1654.68,1
757.55,1
38159.22,1
424.38,1
1625.56,1
8988.72,1
62470.0,1
4775.0,1
506.52,1
627.11,1
811.34,1
135195.0,1
59399.0,1
10377.13,1
267.68,1
308.59,1
187.66,1
430.33,1
28162.0,1
94.96,1
3.0,1
8.0,1
2301.11,1
315.18,1
1.0,1
18.0,1
32.0,1
-1510.22,1
-24.0,1
121.34,1
-72.0,1
13690.64,1
176.0,1
320.0,1
1059.56,1
26.0,1
1004.43,1
646.22,1
508.65,1
16.0,1
50289.42,1
7618.68,1
589.33,1
750.67,1
107.18,1
3821.78,1
2984.46,1
385.78,1
350.22,1
301.95,1
43.19,1
755.18,1
59400.0,1
1975.04,1
8794.05,1
181.49,1
3532.69,1
172.08,1
280.12,1
1355.35,1
2983.4,1
-172.57,1
498.27,1
1234.4,1
229.45,1
2209.59,1
2349.58,1
1147.69,1
146.51,1
1856.49,1
1473.72,1
321.26,1
76.36,1
1426.34,1
237.59,1
136.87,1
6838.29,1
12831.98,1
979.96,1
215.32,1
5250.97,1
202.4,1
271.44,1
132.09,1
3457.0,1
-77.01,1
584010.0,1
146.83,1
1213.09,1
2580.0,1
18781.8,1
156.05,1
4667.45,1
469.44,1
331.77,1
851.72,1
155.37,1
145.96,1
2710.95,1
336.47,1
209.04,1
308.23,1
407.24,1
567.66,1
156.17,1
63.86,1
616.09,1
146.56,1
1479.37,1
618.9,1
492.55,1
243.1,1
200.38,1
368.89,1
211.9,1
193.1,1
1381.17,1
8948.59,1
138.32,1
1079.89,1
2605.33,1
1092.22,1
45.94,1
454.87,1
187.47,1
146.92,1
2219.21,1
370.64,1
805.11,1
7625.21,1
26294.0,1
37.3,1
98.82,1
78.85,1
2039.56,1
92.36,1
-12.95,1
29.85,1
871.46,1
233.34,1
341.14,1
1149.1,1
40.29,1
4022.65,1
359.5,1
715.57,1
600.43,1
121.11,1
7333.37,1
11583.76,1
440.6,1
2653.16,1
203.43,1
138.46,1
13422.52,1
2751.97,1
474.65,1
145.13,1
294.22,1
108331.0,1
272.58,1
1073.17,1
318.79,1
503.21,1
55.98,1
1594.27,1
1045.73,1
96.74,1
2639.25,1
49.91,1
7198.63,1
2354.76,1
7857.79,1
557.34,1
1372.64,1
882.04,1
25.57,1
1371.36,1
31258.0,1
1048.82,1
719.59,1
1087.74,1
261.51,1
120.12,1
968.96,1
87086.04,1
806.13,1
10589.92,1
5931.9,1
735.02,1
880.39,1
1253.95,1
73.31,1
387.45,1
126.61,1
116.18,1
4558.3,1
3624.85,1
2411.71,1
322.24,1
314.16,1
153.71,1
1550.43,1
4221.97,1
841.75,1
28.35,1
212.72,1
21.03,1
135.64,1
205.92,1
207.41,1
119.17,1
273.09,1
4421.43,1
488.5,1
210.0,1
37.59,1
198.0,1
958.36,1
42.5,1
430.0,1
5056.0,1
76.5,1
411.83,1
1026.56,1
354.9,1
742.23,1
32.94,1
944.54,1
893.01,1
-264.08,1
874.99,1
1062.87,1
937.71,1
2855.4,1
2546.26,1
144.6,1
28.99,1
8.18,1
482.7,1
67.94,1
18800.0,1
3227.13,1
9924.56,1
44.91,1
118.26,1
14001.0,1
202.99,1
124128.8,1
20.45,1
204.48,1
20917.06,1
3992.02,1
7433.99,1
282.17,1
3541.7,1
1605.15,1
14634.2,1
2592.28,1
801.03,1
795.9,1
265.32,1
1132.24,1
684.55,1
152.84,1
4648.15,1
27597.0,1
49.63,1
120.84,1
1591.4,1
448.41,1
959.83,1
104.35,1
9.51,1
705116.0,1
365.87,1
30.31,1
16.79,1
509.91,1
962.48,1
2221.83,1
175.01,1
221.55,1
758.79,1
157.76,1
2221.8,1
292.24,1
443.87,1
182.58,1
604137.42,1
1573.86,1
1105.92,1
930.95,1
549.05,1
566.38,1
1651.31,1
3854.44,1
92.09,1
251.02,1
1135.12,1
980.77,1
3161.77,1
-865.28,1
2635.55,1
124.84,1
170.86,1
703.52,1
670.53,1
685.83,1
237.36,1
329.53,1
561.06,1
1172.55,1
422.47,1
338.95,1
6.19,1
200.46,1
1939.35,1
46.76,1
59.99,1
1291.39,1
635.27,1
105.87,1
5788.38,1
566.47,1
996.73,1
122.31,1
177.24,1
401.27,1
113.63,1
2485.29,1
678.83,1
56.32,1
616.7,1
2060.99,1
4509.13,1
177.88,1
96.86,1
2675.01,1
481.68,1
916.2,1
65.57,1
60.08,1
79.54,1
503.18,1
81.78,1
424.09,1
560.75,1
299.0,1
307.5,1
90.25,1
1719.39,1
1610.0,1
345.36,1
41491.27,1
624.14,1
34678.59,1
102.93,1
434.88,1
96.76,1
387.97,1
2783.0,1
318.63,1
26134.0,1
469.37,1
69.3,1
-17.3,1
1877.78,1
67.72,1
344.2,1
150.42,1
53.76,1
190.1,1
331.66,1
5014.35,1
1104.1,1
304.62,1
170.72,1
364.75,1
50222.0,1
418.43,1
1783.2,1
155826.0,1
953.96,1
4125.38,1
752.97,1
1039.84,1
1259.49,1
3732.7,1
1005.09,1
228.95,1
7484.79,1
153.92,1
84.95,1
1275.45,1
3488.21,1
95.51,1
2056.0,1
177.18,1
46.57,1
992.61,1
1478.78,1
3873.33,1
34.25,1
385.29,1
991.94,1
67200.0,1
149.0,1
478.0,1
449.75,1
19.88,1
347.09,1
3358.67,1
336.36,1
1444.56,1
5168.9,1
661.72,1
314.65,1
124.44,1
1463.67,1
733.17,1
14.46,1
3641.54,1
467.81,1
28.11,1
4415.36,1
368.03,1
155.14,1
33383.61,1
511.68,1
280.82,1
14351.71,1
57.86,1
764.41,1
82.54,1
25198.0,1
88.4,1
64.07,1
520.56,1
10.97,1
3598.31,1
239.48,1
980.06,1
63.1,1
7378.62,1
198.56,1
222.45,1
1271.32,1
158.42,1
136.76,1
129.36,1
174.06,1
448.02,1
217.21,1
1878.24,1
17562.53,1
2627.99,1
125.43,1
138.22,1
698.9,1
51224.54,1
2972.64,1
196.64,1
19069.97,1
143.63,1
366.27,1
405.21,1
160.58,1
5809.9,1
-104.48,1
125.31,1
14152.01,1
213.01,1
1350.53,1
391.56,1
1601.05,1
265.12,1
495.17,1
680.82,1
516.19,1
592.19,1
602.94,1
648.26,1
897.39,1
954528.67,1
206.99,1
138.62,1
2010.09,1
780.96,1
7917.28,1
1043.48,1
67068.13,1
-777.4,1
826.6,1
14.34,1
81.05,1
314.08,1
136109.0,1
11708.86,1
32.08,1
810.64,1
709.38,1
558.33,1
21.51,1
235.15,1
-236.92,1
316.25,1
139.21,1
3171.53,1
338.54,1
10077.88,1
233.74,1
1357.84,1
2398.92,1
2128.91,1
519.27,1
275.31,1
156.53,1
132.81,1
1228.1,1
513.95,1
23503.57,1
17.27,1
557.43,1
2681.0,1
362.06,1
547.7,1
263345.86,1
11606.58,1
367.33,1
69.42,1
22393.97,1
1505.31,1
39.15,1
-118.7,1
34000.0,1
125.88,1
1481231.0,1
112.25,1
4673.56,1
81.75,1
3711.89,1
278.18,1
289.77,1
397.86,1
299.72,1
781.79,1
16302.0,1
18.7,1
271991.0,1
417.82,1
264.18,1
452.86,1
393.88,1
34001.0,1
2710.77,1
221.71,1
3547.45,1
757.47,1
321.65,1
15080.94,1
1678.47,1
16.44,1
187.48,1
10239.06,1
81.93,1
10002.95,1
174.72,1
213.9,1
360.9,1
242.4,1
380.95,1
389.05,1
329302.75,1
137.1,1
226.38,1
293.2,1
405.66,1
192.71,1
1103.2,1
2877.56,1
468.34,1
1179.0,1
1633.58,1
4260.87,1
36537.57,1
206.28,1
47.9,1
13642.98,1
97.63,1
1419.51,1
8324.37,1
1133.35,1
1780.62,1
225.1,1
1106.38,1
163.94,1
147.57,1
843.75,1
7082.0,1
258.24,1
4300.2,1
751.19,1
135.35,1
334.51,1
13360.0,1
2111.39,1
1616.14,1
885.0,1
93.86,1
1575.03,1
1024.97,1
107.9,1
6520.77,1
249.77,1
99.32,1
295.99,1
159.46,1
681.53,1
-79.77,1
1249.82,1
1624.07,1
373909.0,1
59.53,1
2309.0,1
20276.55,1
266.22,1
1245.02,1
543.07,1
2002.98,1
857.65,1
1844.7,1
1918.13,1
7219.21,1
703.71,1
44110.3,1
5330.14,1
4996.16,1
45.55,1
5549.79,1
314.45,1
153.96,1
838.5,1
5730.0,1
2666.76,1
10281.23,1
158.13,1
1195.77,1
86.62,1
5459.05,1
192.31,1
104.85,1
657.2,1
1288.97,1
171.28,1
1185.6,1
16933.0,1
11340.0,1
13563.68,1
405.52,1
385.17,1
1251.64,1
96685.0,1
2086.35,1
6556.03,1
571.02,1
230.89,1
7410.24,1
119.22,1
147.83,1
1883.88,1
342.31,1
200.0,1
15424.5,1
162.38,1
124.68,1
477.37,1
1561.44,1
211.19,1
43.32,1
3792.25,1
567.11,1
756.89,1
4081.54,1
964.72,1
496.0,1
188.0,1
1045.34,1
79.18,1
647.52,1
275.78,1
4329.8,1
142.11,1
132.85,1
45315.0,1
431.35,1
230109.67,1
106.54,1
717.06,1
82.76,1
102921.54,1
513.4,1
2558.7,1
9547.5,1
1753.11,1
38.0,1
13.25,1
2488.29,1
33021.0,1
1770.01,1
1645.99,1
638.24,1
71.12,1
1763.15,1
2327.13,1
270.9,1
190.44,1
-32.2,1
3869.29,1
2298.57,1
115.72,1
135.01,1
4886.72,1
-43.25,1
423.56,1
33599.0,1
132.4,1
121.61,1
922.2,1
368.58,1
35.81,1
157.64,1
162.82,1
927.55,1
-7.49,1
468.21,1
149.34,1
332390.55,1
26.74,1
462.25,1
325.8,1
377.77,1
7352.97,1
607.53,1
2329.05,1
1195.81,1
137.37,1
505.86,1
317.61,1
25.64,1
-1070.47,1
1910.68,1
207.17,1
-943.32,1
176.75,1
59.87,1
443.01,1
84.52,1
5658.4,1
1004.46,1
179.62,1
1077.09,1
183.61,1
2087.04,1
378.31,1
191.56,1
2427.6,1
1594.2,1
936.15,1
1840.63,1
668.33,1
208.38,1
32917.08,1
1574.36,1
98.99,1
157.07,1
1827.1,1
1526.68,1
4581.47,1
3058.47,1
1555.74,1
1407.54,1
1254.4,1
1357.91,1
165.54,1
417.46,1
1162.12,1
43752.0,1
40.18,1
61.07,1
157.81,1
966.45,1
593.56,1
-161.7,1
1147.67,1
1185.78,1
8150.0,1
1859.46,1
458.52,1
13689.96,1
8182.7,1
941.94,1
891.88,1
608.17,1
79396.88,1
160.3,1
300.33,1
874.58,1
30.81,1
60309.97,1
803.14,1
485.42,1
4265.54,1
238.44,1
263.72,1
109.89,1
496.43,1
64.25,1
19953.33,1
-272.18,1
482.26,1
515.0,1
279.0,1
6686.0,1
675.64,1
565.97,1
228.11,1
29022.7,1
2413.02,1
734.58,1
541.42,1
77.43,1
1340.27,1
460.81,1
279.1,1
43.87,1
528.31,1
1234.05,1
3051.9,1
1394.78,1
333.19,1
128.35,1
63.27,1
498.28,1
1171.92,1
154.94,1
4192.22,1
839358.0,1
2894.75,1
440.75,1
85.51,1
222130.0,1
2119.84,1
104.33,1
2709.02,1
1673.75,1
125.53,1
1507.65,1
593.82,1
250.95,1
262.83,1
18.63,1
302.8,1
6376.86,1
263.02,1
90.98,1
123.64,1
72157.0,1
5249.98,1
808.58,1
6100.3,1
194.41,1
37.93,1
850.74,1
120.17,1
150.37,1
41203.0,1
1286.98,1
291.16,1
2219.4,1
233.75,1
48.44,1
1726.72,1
130.12,1
129.22,1
4259.36,1
644.29,1
2836.27,1
1624.01,1
1323.69,1
107.56,1
728.54,1
1212.02,1
601.15,1
83.3,1
157.28,1
7.56,1
425.76,1
801.4,1
166.56,1
7052.35,1
41.6,1
638.4,1
18017.98,1
720.41,1
120.41,1
67499.98,1
35071.88,1
1689.43,1
91.26,1
4383.0,1
1028.56,1
644.51,1
678.3,1
535.41,1
5666.38,1
290.84,1
28.77,1
20602.0,1
815.41,1
908.59,1
189.89,1
3020.81,1
57.01,1
360.46,1
355.99,1
693.13,1
185.31,1
945.7,1
642.82,1
2798.22,1
57.3,1
45.68,1
29165.87,1
220.7,1
109.83,1
462.4,1
2746.07,1
227.04,1
4134.4,1
145.53,1
145.47,1
693.18,1
1708.83,1
202.31,1
5469.19,1
1051.03,1
299.98,1
2079.7,1
180.56,1
91.2,1
961.95,1
193.48,1
1197.42,1
28.19,1
89.32,1
37.4,1
121.15,1
1903.0,1
13095.0,1
1620.41,1
83.91,1
1728.15,1
-63.9,1
68.98,1
-149.44,1
85.74,1
876.43,1
18511.0,1
356.97,1
2558.29,1
312.42,1
216.78,1
1381.51,1
141494.4,1
-105.84,1
300.24,1
6052.29,1
3208.36,1
-113.52,1
246.6,1
46.85,1
8346.71,1
110.08,1
757.18,1
13350.0,1
3572.61,1
377.68,1
1141.86,1
49.68,1
2050.97,1
48.2,1
16.08,1
637.77,1
88.73,1
376.94,1
216.08,1
8734.21,1
3319.85,1
21072.98,1
12867.64,1
1236.42,1
126.06,1
662.62,1
103.9,1
2989.4,1
266.69,1
643.24,1
58070.15,1
50331.0,1
2190.8,1
6436.79,1
108.03,1
1363.91,1
105.42,1
199.55,1
90.92,1
343.65,1
12796.28,1
2510.73,1
37.04,1
1041.58,1
466.87,1
179.19,1
94.5,1
538.8,1
1358.1,1
307.81,1
651.22,1
774.73,1
503.46,1
503.47,1
220.8,1
70.26,1
618.66,1
338.78,1
4497.63,1
12327.99,1
-344.96,1
1689.55,1
61608.0,1
6880.11,1
303.76,1
617.82,1
365.09,1
14604.45,1
362.17,1
151.47,1
284.88,1
1469.92,1
745.27,1
4304.19,1
133.75,1
1716.11,1
1794.08,1
737.61,1
106.14,1
356.71,1
53.89,1
5673.32,1
579.28,1
221.18,1
1766.7,1
1109.67,1
17496.34,1
60.34,1
799.62,1
219.27,1
8.43,1
280.53,1
1296.55,1
4236.63,1
1592.76,1
734.94,1
6441.07,1
54360.0,1
97.04,1
-376.92,1
30160.32,1
325.84,1
65.77,1
113.73,1
115.14,1
363.88,1
297.78,1
4943.16,1
1326.49,1
507.11,1
15350.53,1
13478.11,1
214.98,1
129.1,1
41.35,1
1895.98,1
1466.93,1
407.85,1
864.68,1
729.28,1
883.14,1
70.55,1
3919.87,1
3521.3,1
793.85,1
516.65,1
166.57,1
466.65,1
104.28,1
4079.76,1
4606.58,1
370.92,1
47.07,1
2848.71,1
238.91,1
19.59,1
130.87,1
435.08,1
348.28,1
915.2,1
982.4,1
1501.46,1
1922.47,1
241.15,1
437.94,1
110.15,1
133928.82,1
79.83,1
31727.56,1
2084.0,1
311.25,1
97.44,1
1874.64,1
162.67,1
1382.81,1
726.24,1
1022.46,1
290.77,1
123.55,1
216.93,1
2847.27,1
26632.4,1
7731.07,1
287820.0,1
1259.47,1
413.23,1
1566.91,1
903.25,1
123.97,1
1424.48,1
149.89,1
261.55,1
148.44,1
38.83,1
995.1,1
9755.71,1
519.8,1
40730.96,1
65832.0,1
1661.0,1
558.91,1
3380.36,1
555.88,1
2166.86,1
134.38,1
7236.95,1
419.48,1
255.04,1
355.24,1
16865.06,1
398.61,1
440.1,1
982.6,1
42.55,1
24.15,1
81.33,1
119.1,1
147.7,1
78.38,1
32918.25,1
431.17,1
602.12,1
56.8,1
7615.4,1
2439.49,1
1436.28,1
4473.6,1
4060.55,1
383.92,1
94.76,1
675.53,1
770.25,1
642.0,1
1879.19,1
110.75,1
1426.39,1
179.5,1
61.92,1
291.52,1
801.36,1
162.78,1
961.51,1
68.97,1
-38.13,1
54.67,1
1704.94,1
13368.98,1
19801.0,1
418.26,1
1839.59,1
6701.37,1
351.54,1
438.46,1
2177.38,1
1247.08,1
1091.62,1
2005.42,1
-238.32,1
957.6,1
45203.0,1
142.13,1
15689.0,1
340.61,1
279.27,1
239.71,1
409.24,1
11861.14,1
322.44,1
218.4,1
1087.16,1
49.77,1
31537.24,1
749.99,1
741.94,1
59.61,1
176.36,1
437955.1,1
38.58,1
280.88,1
40849.24,1
382.58,1
15.14,1
167.92,1
330.55,1
115.29,1
2092.79,1
14593.75,1
136.75,1
732.0,1
82.5,1
186.0,1
171.18,1
21248.0,1
1511.78,1
6481.55,1
67.64,1
1703.7,1
1185.15,1
59.39,1
712.15,1
-7274.12,1
860.42,1
134.46,1
374.16,1
83.27,1
1269.42,1
266.24,1
3061.0,1
400.27,1
543.01,1
1024.66,1
119.52,1
40.2,1
1442.87,1
40245.83,1
1483.2,1
703.89,1
16.77,1
43800.0,1
634.91,1
13751.7,1
18.55,1
185.6,1
3162.72,1
10799.0,1
6876.0,1
1276.57,1
68.26,1
424.25,1
63.9,1
471.36,1
67280.01,1
482.52,1
314.33,1
2442.0,1
148.25,1
2252.5,1
8.55,1
524.1,1
171.07,1
263.95,1
2839.77,1
5212.6,1
5919.87,1
8553.3,1
430.52,1
1302.48,1
377.28,1
66.44,1
-9.38,1
-32.73,1
3407.06,1
911.22,1
1726.53,1
51545.0,1
378.27,1
1111.44,1
501.87,1
267.16,1
322.47,1
437.01,1
-46.76,1
987.46,1
193.62,1
-250.74,1
33021.96,1
170.19,1
673.45,1
178.85,1
12.3,1
297.39,1
399.51,1
274.61,1
111.18,1
573.52,1
168.79,1
862.33,1
829.67,1
9116.23,1
835.62,1
156.12,1
1651.55,1
89.93,1
9516.98,1
10937.63,1
139.08,1
-0.24,1
146.15,1
826.13,1
85.96,1
220748.48,1
375.83,1
406.17,1
8381.42,1
2015.45,1
43.58,1
631.23,1
237.47,1
483.06,1
1443.97,1
72.18,1
63.99,1
345.8,1
20.66,1
401.92,1
70.06,1
63.89,1
551.75,1
25687.0,1
1869.59,1
49.03,1
330.6,1
303520.65,1
1787.7,1
569.82,1
3420.7,1
5288.55,1
2418.32,1
779.52,1
395.44,1
0.16,1
450.74,1
1425.94,1
108.02,1
289.91,1
1096.68,1
244.32,1
69.54,1
269.82,1
187.68,1
834.75,1
307.0,1
195.75,1
13272.44,1
46.4,1
253.98,1
44027.87,1
89.05,1
300.53,1
26.14,1
56.74,1
1865.19,1
34694.08,1
704.26,1
784258.16,1
119.37,1
-92.31,1
48.31,1
399.63,1
507.83,1
444.37,1
1250.37,1
83.45,1
146.49,1
-62.86,1
288.2,1
340.84,1
93.69,1
4898.79,1
272.2,1
47178.09,1
120.45,1
185.32,1
258.34,1
9647.86,1
1537.65,1
2765.92,1
2999.86,1
83520.0,1
96000.0,1
2980.33,1
5709.31,1
134.23,1
291.53,1
284.61,1
743.87,1
77371.26,1
376.35,1
422.4,1
51.18,1
83.85,1
11.54,1
-32.3,1
1185.96,1
2480.3,1
22.47,1
733.83,1
2105826.0,1
603.82,1
1327.36,1
2362.51,1
89.4,1
7585.29,1
655.46,1
16852.83,1
814.55,1
45240.0,1
768.74,1
734.69,1
4904.0,1
1017.57,1
986.43,1
444.51,1
624.5,1
481.07,1
907.54,1
304.93,1
693590.08,1
615.44,1
65.72,1
164548.0,1
110.7,1
864.74,1
3101.45,1
222.44,1
371.63,1
830.53,1
17225.01,1
879.58,1
334.21,1
141598.12,1
941.59,1
696.57,1
1297.73,1
213.48,1
513.31,1
1719.95,1
574.69,1
428.35,1
21521.36,1
623.83,1
399.16,1
58.74,1
6007.77,1
21848.15,1
427.24,1
732.02,1
145.34,1
24.73,1
127.75,1
154.86,1
259.35,1
638.36,1
1275.28,1
223.76,1
258.29,1
83.53,1
63311.25,1
5482.0,1
1907.55,1
266.09,1
1256.72,1
16718.0,1
56.33,1
53.63,1
862.45,1
64.34,1
732.53,1
1078.94,1
202.13,1
274.58,1
2879.72,1
48453.44,1
424.04,1
401.96,1
303.72,1
1889.27,1
709.33,1
1774.73,1
22.81,1
1022.81,1
18923.4,1
467.74,1
935.4,1
15.52,1
2682.16,1
795.57,1
3401.86,1
8380.33,1
3702.0,1
623.4,1
94.95,1
566.18,1
356.89,1
56.86,1
228.6,1
51560.77,1
17639.93,1
97.22,1
4543.95,1
14818.76,1
72.49,1
120474.0,1
1623.9,1
91.03,1
267.14,1
294.9,1
125.28,1
75577.56,1
394.24,1
160.46,1
97.14,1
311.71,1
325.44,1
14100.04,1
312.18,1
433633.0,1
73.03,1
-56.12,1
19120.59,1
933.93,1
52.71,1
304.5,1
329.5,1
5525.57,1
210.16,1
160.11,1
-0.08,1
373.78,1
439.41,1
132.16,1
44.45,1
34647.0,1
11.13,1
1794.45,1
1596.97,1
201.8,1
1043.61,1
1365.58,1
86612.34,1
1306.57,1
11.63,1
828.3,1
357.13,1
518.03,1
15545.0,1
629.21,1
169.74,1
3269.0,1
996.44,1
519.49,1
198.96,1
485.07,1
5052.7,1
209.63,1
208.13,1
133.28,1
10762.41,1
4934.65,1
1870.12,1
878.6,1
516.61,1
74.21,1
4224.67,1
1479.65,1
228.62,1
39827.54,1
435.54,1
27442.38,1
262.77,1
1089.6,1
476.48,1
126.52,1
306.46,1
11610.0,1
891.63,1
336.67,1
111.1,1
251.8,1
104.1,1
23152.36,1
170.89,1
52.05,1
26027.0,1
626.12,1
596.89,1
660.1,1
711.9,1
234.34,1
183.59,1
4114.22,1
100.5,1
69.0,1
637.0,1
112.59,1
247.41,1
121.94,1
78.65,1
769.82,1
37.36,1
95.31,1
3008.72,1
122.61,1
662.58,1
920.0,1
2651.33,1
487.73,1
24320.0,1
566.72,1
66000.01,1
75394.0,1
72.4,1
12558.91,1
907.22,1
70.18,1
595.16,1
5418.68,1
47938.0,1
6450.0,1
163.72,1
43.09,1
2570.55,1
12146.82,1
489.04,1
1101.98,1
538.83,1
2027.7,1
48955.0,1
101936.0,1
868.49,1
45.39,1
1579.08,1
1685.86,1
136.4,1
483.34,1
16798.0,1
694.2,1
111.82,1
9956.0,1
788.83,1
5115.73,1
2672.31,1
343.2,1
212.48,1
2723.42,1
15001.0,1
8541.95,1
660.34,1
226.36,1
137.45,1
70.16,1
15.03,1
15653.72,1
5762.03,1
1830.89,1
4286.2,1
245.81,1
470.33,1
6121.0,1
393.6,1
89589.14,1
2370.2,1
1528.56,1
729.56,1
130.3,1
128.36,1
19162.56,1
160.97,1
192.02,1
15397.0,1
162.34,1
391.85,1
789.74,1
96.44,1
78.79,1
104.71,1
1212.74,1
1400.4,1
289.44,1
285.27,1
150.87,1
67.98,1
4327.52,1
135.04,1
726.93,1
330.73,1
57.56,1
184.19,1
814.66,1
128.03,1
763.83,1
365.47,1
786.96,1
539.4,1
244.63,1
302.16,1
33534.07,1
536.6,1
61.98,1
498.25,1
504.83,1
642.34,1
11749.84,1
714.5,1
22061.33,1
29090.25,1
71.4,1
7152.38,1
1233.75,1
47123.87,1
697.23,1
2986.91,1
190.97,1
2675.37,1
872.55,1
146.22,1
456.39,1
47.52,1
5822.32,1
-5.52,1
3477.09,1
1170.87,1
9787.72,1
506.46,1
759.65,1
708.35,1
7221.04,1
304.29,1
958.5,1
483.12,1
817.73,1
1444.72,1
313.82,1
468.1,1
1116.62,1
62.58,1
1623.58,1
328.98,1
81.52,1
737.48,1
270.45,1
63.19,1
510.57,1
423.43,1
379.86,1
176.44,1
986.65,1
4713.0,1
125.84,1
684.03,1
1522.32,1
416654.0,1
256.29,1
-27.24,1
71.43,1
775.25,1
979.41,1
149.38,1
578.74,1
42.93,1
2706.15,1
222.1,1
1742.8,1
157.15,1
-17.18,1
537.67,1
529.68,1
757.52,1
2294.36,1
2557.28,1
880.06,1
75.45,1
869.37,1
1246.28,1
493.2,1
49004.0,1
3865.58,1
867.42,1
107.99,1
44909.0,1
1686.51,1
1137.49,1
-207.06,1
757.57,1
2559.3,1
-23.8,1
28188.56,1
34800.0,1
16702.44,1
211.96,1
29.41,1
3038.71,1
26041.25,1
614.71,1
3102.96,1
1275.75,1
1117.97,1
1322.86,1
27.48,1
1017.29,1
85.88,1
16240.0,1
109.58,1
2640.61,1
81.89,1
1324.2,1
297.14,1
-11.55,1
104.6,1
1323.8,1
765.2,1
746.29,1
3591.08,1
112.23,1
3055.38,1
307.97,1
80.27,1
293839.0,1
869.71,1
58.78,1
1606.25,1
176.11,1
3842.44,1
109.77,1
679.99,1
855.79,1
753.71,1
165.47,1
51.8,1
13189.0,1
5296.16,1
30986.35,1
1009.69,1
15831.75,1
14345.03,1
255.13,1
54.57,1
221.58,1
337.92,1
1445.2,1
57.64,1
293.01,1
33652.0,1
1141.0,1
75.81,1
-62.56,1
663.82,1
1857.24,1
857.98,1
840.87,1
282.62,1
324.15,1
703.7,1
108.6,1
345.38,1
219.31,1
97.6,1
3138.07,1
664.75,1
94.88,1
464.17,1
1692.37,1
672.62,1
5896.52,1
118.56,1
31.38,1
52.46,1
208.41,1
38.45,1
189.82,1
15.54,1
89790.0,1
-14.93,1
357.45,1
632.88,1
60.29,1
5666.3,1
278.79,1
401.16,1
4844.0,1
227.0,1
223.5,1
6688.0,1
5687.56,1
1514.11,1
23.3,1
232.18,1
441.73,1
926.61,1
105.59,1
171.69,1
500.87,1
15778.64,1
220.18,1
143.07,1
834.07,1
3906.29,1
156.01,1
11718.0,1
2981.86,1
96.8,1
62.73,1
40.47,1
1145.82,1
990.06,1
381.89,1
40.35,1
54.15,1
137.82,1
186.67,1
18794.29,1
8663.0,1
205.8,1
260.28,1
120.36,1
1090.79,1
666853.7,1
16669.35,1
38.87,1
1138.71,1
368.8,1
31.32,1
1937.85,1
45.4,1
178.45,1
46.86,1
405.83,1
18838.71,1
118947.0,1
4971.75,1
269.86,1
141.79,1
288.13,1
474.6,1
3045.44,1
1768.38,1
6024.78,1
118480.0,1
82.31,1
861.99,1
2979.46,1
79662.0,1
3154.65,1
29.69,1
6256.98,1
79663.0,1
1263.45,1
1028.43,1
314.59,1
58.14,1
1786.53,1
754.2,1
438.61,1
202.51,1
213.62,1
1368.81,1
71154.97,1
2734.38,1
471.15,1
492.13,1
126.02,1
4242.07,1
133.49,1
2435.82,1
236.61,1
186.26,1
16988.0,1
5166.18,1
2782.44,1
688.83,1
803.17,1
155.36,1
2654.46,1
7664.48,1
95.57,1
62.89,1
62307.0,1
642.7,1
4532.72,1
108.04,1
93.23,1
104135.0,1
522.67,1
62.23,1
72480.31,1
15577.0,1
176.29,1
337.42,1
181.27,1
6512.73,1
189.74,1
665.73,1
309.69,1
452.31,1
2000.1,1
719.95,1
306.38,1
3059.56,1
17799.06,1
3744.64,1
993.01,1
976.54,1
960.36,1
1961.61,1
193.09,1
13920.0,1
1786.0,1
594.0,1
4450.0,1
3928.34,1
2379.68,1
51.6,1
563.1,1
130.14,1
107.77,1
6861.0,1
242.05,1
197.37,1
48190.37,1
718.72,1
74.88,1
227.16,1
127.39,1
233.43,1
559.76,1
3528.32,1
1303.83,1
71.34,1
2981.23,1
11891.37,1
253.44,1
360510.38,1
1604.1,1
-13.06,1
335.37,1
240.72,1
3988.15,1
52.16,1
49.39,1
451.45,1
306.55,1
69.55,1
80.19,1
11481.95,1
814.49,1
322.03,1
466.2,1
2548.81,1
707.11,1
384.7,1
1345.07,1
648.79,1
91.7,1
511.29,1
1501.45,1
237.49,1
97.49,1
8306.97,1
37645.0,1
1493.51,1
738.34,1
2918.7,1
2361.3,1
184.57,1
-15.6,1
7715.18,1
67.73,1
2820.48,1
244.27,1
202.92,1
218.97,1
934.18,1
5513.89,1
274.59,1
4832.03,1
-56.04,1
14925.01,1
307.26,1
1351.12,1
271.77,1
4302.15,1
7899.65,1
895.2,1
43.55,1
108174.31,1
157.77,1
178.75,1
4124.0,1
2340.0,1
112.42,1
1258.81,1
136.72,1
1849.03,1
5371.88,1
226.8,1
534.22,1
3614.6,1
715.79,1
8610.0,1
673.72,1
94.73,1
2983.95,1
1204.69,1
117.92,1
54.3,1
331.17,1
20123.51,1
829.61,1
23.33,1
1674.95,1
167.48,1
3009.24,1
524.7,1
110.31,1
2848.97,1
22168.01,1
122408.0,1
2828.36,1
161.88,1
7687.74,1
8058.38,1
278.46,1
84.38,1
206.12,1
2799.91,1
14810.0,1
585.37,1
2614.37,1
412.9,1
219.55,1
676.03,1
254.2,1
227.69,1
349.32,1
58.55,1
4048.09,1
6152.14,1
46.11,1
195.62,1
740.21,1
133.59,1
1721.78,1
864.0,1
258.36,1
-8.5,1
-66.0,1
1321.11,1
2260.81,1
232.11,1
504.0,1
-15.5,1
956.0,1
62.01,1
1514.72,1
41.92,1
975.11,1
-55.32,1
92.0,1
7555.77,1
51969.0,1
294.36,1
781.78,1
922.22,1
26.17,1
230.79,1
2062.05,1
1160.67,1
8378.39,1
174.36,1
18492.32,1
1228.23,1
195.89,1
188.92,1
283.28,1
1595.91,1
342.96,1
30.67,1
212.37,1
26.33,1
425.43,1
83.26,1
271.37,1
481.98,1
2147.69,1
417.81,1
166.48,1
1887.71,1
1989.25,1
324.11,1
351.12,1
1683.15,1
384.58,1
51.61,1
10334.33,1
13.05,1
30591.0,1
727.36,1
564.24,1
1021.94,1
2456.29,1
144.71,1
113.89,1
2592.62,1
2778.56,1
113.61,1
365.1,1
4137.8,1
271.35,1
1267.91,1
97.83,1
141.17,1
823.32,1
1966.58,1
2242.39,1
1458.0,1
7051.89,1
972.12,1
13199.98,1
933.59,1
348.59,1
443.68,1
709.09,1
240.3,1
285.94,1
76.81,1
307.12,1
45216.38,1
391.23,1
1214.47,1
136.05,1
-30.34,1
437.77,1
735.77,1
3684.73,1
313.87,1
2004.19,1
22619.17,1
624.57,1
1836.04,1
38.26,1
391.07,1
6247.87,1
249480.0,1
121.85,1
106.77,1
266.16,1
120.38,1
310.8,1
665.41,1
267.84,1
21187.43,1
16770.0,1
360.33,1
449.67,1
282.78,1
356.05,1
759.77,1
-35.2,1
178.74,1
449.46,1
257.47,1
1296.46,1
32.68,1
107.14,1
205.81,1
1446.71,1
1500.9,1
209.7,1
236.19,1
263.37,1
1161.51,1
24327.86,1
17448.56,1
2795.0,1
31900.0,1
19392.15,1
2341.0,1
2178.3,1
2138.87,1
895.79,1
247.49,1
91.02,1
568.97,1
378.1,1
30103.5,1
184323.96,1
7118.46,1
124.86,1
115.94,1
-76.64,1
24.87,1
2872.44,1
225.51,1
42.08,1
341.82,1
716.75,1
475.0,1
3073.89,1
1764.0,1
1295.39,1
8176.0,1
3540.0,1
1184.81,1
73.38,1
494.73,1
735.86,1
213.86,1
13.34,1
108.76,1
1494.83,1
58.89,1
2247.57,1
74.96,1
9352.64,1
568.16,1
562.93,1
32.31,1
116308.0,1
37.31,1
480.63,1
630.74,1
5585.46,1
104.7,1
27.93,1
328.2,1
18159.39,1
304.85,1
997.59,1
688.4,1
883.76,1
205.17,1
19350.0,1
316.75,1
68.51,1
166.16,1
1134.35,1
576.97,1
7046.27,1
558.15,1
297.03,1
1300.51,1
221.06,1
1810.35,1
959.03,1
68.84,1
2484.12,1
119.29,1
99.4,1
4776.0,1
1630.0,1
3699.5,1
100.58,1
259.66,1
96.67,1
211.47,1
143.11,1
598.6,1
3352.35,1
359.06,1
10132.05,1
837.11,1
59.94,1
68.92,1
3153.72,1
52.03,1
500.5,1
190.22,1
89744.09,1
1343.97,1
336.6,1
555.29,1
163.43,1
440.49,1
1178.31,1
1429.69,1
327.51,1
394.65,1
964.71,1
31.14,1
15628.0,1
78.6,1
129.66,1
48.04,1
642.52,1
21913.0,1
882.42,1
57.98,1
4343.01,1
911.31,1
3287.9,1
3109.6,1
338.26,1
1942.94,1
179.58,1
-160.51,1
317854.0,1
1808.56,1
58164.0,1
144.72,1
441.25,1
1568.82,1
547.86,1
2204.08,1
1601.92,1
32931.71,1
679.15,1
2477.91,1
1306.54,1
538.13,1
953.87,1
3316.37,1
340.65,1
1081.6,1
328.13,1
74.06,1
203.11,1
114.08,1
611.55,1
171.82,1
230.64,1
157.74,1
6489.28,1
116.06,1
937.21,1
510.65,1
3327.99,1
279.16,1
379.24,1
351.88,1
4758.86,1
106044.0,1
238.41,1
57.21,1
486.25,1
104.5,1
146.5,1
314.36,1
1103.89,1
156.4,1
716.39,1
5421.55,1
144.28,1
656.72,1
226.81,1
900.0,1
2857.77,1
1224.63,1
105.66,1
331.64,1
233.44,1
1369008.0,1
10753.29,1
705.51,1
39931.09,1
1036.98,1
1439.87,1
2261.4,1
2391.07,1
71.8,1
252.92,1
89.94,1
309.7,1
200.33,1
103.7,1
16555.7,1
84565.0,1
483.75,1
1628.15,1
135.37,1
1990.43,1
8923.23,1
2259.97,1
3314.31,1
3974.71,1
693.97,1
118.74,1
1968.71,1
1251.9,1
121.2,1
2267.5,1
2230.87,1
200.23,1
206.68,1
3173.04,1
110.57,1
3589.79,1
-438.6,1
58.63,1
5880.98,1
348.21,1
445.85,1
400.67,1
67.86,1
913.83,1
658.85,1
814.8,1
832.64,1
5741.05,1
542.95,1
479.67,1
157.39,1
920.28,1
696.1,1
43.99,1
562.64,1
207.25,1
1185.0,1
1400.38,1
140.34,1
402.09,1
1701.37,1
63.64,1
144.48,1
753.22,1
674.42,1
154.27,1
130.76,1
436.81,1
1812.76,1
2557.08,1
78.89,1
546.17,1
12986.0,1
330.72,1
815.62,1
357.76,1
73.99,1
687.06,1
74.57,1
1291.45,1
4850.6,1
1624.76,1
363.12,1
347.7,1
566.52,1
537.49,1
5690.3,1
5.44,1
96.23,1
7160.4,1
279.07,1
2676.11,1
827.68,1
6310.93,1
6660.0,1
58.01,1
135.27,1
1627.74,1
951.27,1
7036.38,1
1329.46,1
891.89,1
62.65,1
13.37,1
331.42,1
-20.56,1
58.13,1
792712.0,1
120739.0,1
1074.94,1
5334.9,1
20809.84,1
185.13,1
49.17,1
64.47,1
691.66,1
203.91,1
16.47,1
114.84,1
981.62,1
445.1,1
21.31,1
796.81,1
1579.05,1
1292.95,1
15990.0,1
353.16,1
411.53,1
9289.57,1
1320.28,1
786.17,1
144.42,1
998.5,1
104.31,1
954.69,1
2396.32,1
564.58,1
247.09,1
139.5,1
125.97,1
80.95,1
19651.7,1
374.75,1
25.33,1
79.2,1
1673.79,1
432.58,1
140.98,1
423419.0,1
923.95,1
3687.02,1
1044.49,1
5219.25,1
2010.65,1
-760.6,1
729.0,1
23015.0,1
7452.03,1
3656.16,1
57.57,1
7301.87,1
8.42,1
21340.0,1
151.09,1
2281.75,1
1258.79,1
991.64,1
270.18,1
13812.0,1
202.5,1
8106.17,1
114.62,1
63.65,1
517.49,1
229.88,1
49.4,1
9009.04,1
2073.4,1
517.65,1
1113.87,1
594.51,1
2161.19,1
189.11,1
2247.18,1
268.24,1
535.21,1
3057.11,1
926.16,1
323.7,1
49.34,1
814.06,1
661.6,1
265.2,1
262.57,1
214.67,1
1159.57,1
70.07,1
9.47,1
123.68,1
11805.0,1
151.48,1
1494.71,1
328.8,1
1460.99,1
1365.84,1
1560.6,1
-284.16,1
1053.31,1
281.07,1
190.87,1
248.31,1
134.7,1
813.2,1
65.1,1
181.89,1
2908.09,1
30187.0,1
42.8,1
97.38,1
1202.22,1
75.1,1
169.84,1
3097.65,1
224.47,1
222.43,1
37.45,1
723.09,1
635.56,1
2553.12,1
540.01,1
-61.54,1
1534.75,1
1384.14,1
-42.78,1
64.68,1
308726.35,1
81.9,1
568.79,1
917.77,1
302.03,1
1807.1,1
159.44,1
550.29,1
623.89,1
79.0,1
130.0,1
1480.0,1
2484.78,1
471.18,1
588.0,1
66.49,1
43.5,1
187.75,1
180.34,1
941.64,1
134.64,1
343.84,1
732.11,1
361.85,1
798.72,1
79999.94,1
66.01,1
3746.66,1
169.18,1
0.1,1
375.39,1
814.07,1
452.61,1
218.36,1
77.69,1
707.16,1
1134.67,1
9354.39,1
48.09,1
113.82,1
163.29,1
14186.61,1
2539.42,1
7965.07,1
12.1,1
146.82,1
162197.35,1
3145.14,1
116.82,1
2198.03,1
88.26,1
26324.47,1
1370.44,1
19978.19,1
397.98,1
641.44,1
52.12,1
258.8,1
173590.0,1
459.12,1
282.9,1
82.22,1
1714.56,1
259.83,1
51.7,1
372.99,1
12672.83,1
386.97,1
8121.72,1
58.77,1
5739.98,1
425.32,1
306.44,1
4924.19,1
18966.42,1
560.47,1
15346.0,1
1494.81,1
76.96,1
137.08,1
146.75,1
48.37,1
4124.85,1
18.1,1
82.28,1
1246.09,1
182.98,1
414.66,1
704.55,1
524.28,1
6902.99,1
3219.83,1
153.05,1
831.22,1
343.21,1
174645.0,1
3298.16,1
4945.46,1
2491.62,1
33.06,1
10996.0,1
240.69,1
157.31,1
693.9,1
307.05,1
764.89,1
359.69,1
80.55,1
537.2,1
33.14,1
112525.0,1
29928.47,1
469.7,1
152.63,1
736.41,1
2550.81,1
-46.44,1
452.7,1
1671.17,1
674.14,1
26.49,1
32400.0,1
377.83,1
-1280.68,1
170.27,1
-2439.48,1
964.77,1
207.26,1
22.79,1
200.74,1
682.92,1
39233.86,1
260.94,1
134.53,1
3242.2,1
335.4,1
162.19,1
960.66,1
2088.03,1
21021.79,1
3377.58,1
937.73,1
-0.85,1
86.41,1
462.7,1
346.01,1
19252.0,1
907.98,1
624.92,1
106.92,1
55.56,1
5986.73,1
156.77,1
173.78,1
1889.18,1
883.41,1
1045.0,1
32250.0,1
185.42,1
22167.99,1
1970.26,1
2324.96,1
522.3,1
438.85,1
94.6,1
84.35,1
73.83,1
6076.18,1
62.44,1
76.6,1
1470.31,1
2523.65,1
137.47,1
4253.02,1
11.8,1
49635.69,1
281.73,1
2567.4,1
454.26,1
161.17,1
154.71,1
144.91,1
30712.0,1
172.75,1
2280.0,1
704.36,1
585.0,1
1622.76,1
885.46,1
66470.79,1
97.89,1
42.61,1
57.88,1
322.78,1
15.98,1
1733.62,1
248.35,1
857.97,1
1294.6,1
719.26,1
291.26,1
1234.32,1
866.58,1
288.71,1
2861.76,1
2440.54,1
348.81,1
49.87,1
1229.95,1
1519.2,1
707.69,1
866.28,1
3457.07,1
876.01,1
55.62,1
7.53,1
66.74,1
1468.48,1
3499.98,1
18516.0,1
1143.71,1
66.8,1
446.32,1
1064.29,1
594.6,1
1146.93,1
301.28,1
6172.0,1
223.67,1
182.44,1
383.83,1
17413.0,1
641.75,1
159.01,1
144.62,1
188.71,1
2836.85,1
45.84,1
203.22,1
638.9,1
61.43,1
42.81,1
322.48,1
125.41,1
126.32,1
96.29,1
95.04,1
3145.91,1
222.4,1
16347.0,1
1119.75,1
2450.96,1
411.52,1
27551.77,1
-127.92,1
887.43,1
234.12,1
186.46,1
243.51,1
382.23,1
68.65,1
52.41,1
409.49,1
156.46,1
1711.42,1
528.84,1
1253.41,1
720.44,1
754.01,1
1272.5,1
2774.94,1
949.99,1
-1144.87,1
789.15,1
1709.7,1
3049.6,1
1170.62,1
15430.0,1
86.76,1
637.32,1
330.16,1
179.05,1
49.37,1
911.4,1
119.23,1
90.04,1
1047.13,1
77.89,1
530.7,1
367.34,1
425.97,1
1886.72,1
1080.12,1
100.44,1
717.25,1
127.68,1
1058.34,1
228.37,1
-1513.56,1
330.7,1
1275815.89,1
1855.22,1
74.46,1
4265.03,1
4998.72,1
1764.2,1
7212.17,1
1160.54,1
80.87,1
119.27,1
7839.27,1
144072.48,1
377.61,1
349.31,1
2030764.0,1
15229.36,1
275.58,1
343821.0,1
86.88,1
224.95,1
5102.0,1
102.08,1
226.78,1
1108.72,1
386.79,1
117.58,1
130.22,1
730.9,1
1560.36,1
26.89,1
55.16,1
97.21,1
11335.0,1
34.96,1
1023.44,1
196.68,1
212.59,1
77.5,1
2376.0,1
7904.23,1
1438.78,1
780.61,1
628.72,1
1296.33,1
125.14,1
448.36,1
-367.14,1
155842.54,1
250.43,1
21255.03,1
522.79,1
146.34,1
12.6,1
7988.05,1
10136.77,1
2268.97,1
65.28,1
1062.07,1
7933.5,1
184239.0,1
909.43,1
79.05,1
342.27,1
120.55,1
13.84,1
411.3,1
506.87,1
211.98,1
50157.0,1
95.45,1
2474.98,1
243.06,1
645.57,1
1070.06,1
645.85,1
226.92,1
50245.13,1
2343.2,1
225.4,1
4735.52,1
137.96,1
51.82,1
2504.3,1
87.86,1
754.26,1
42406.9,1
42.56,1
56.47,1
19443.0,1
6999.0,1
115.13,1
321.85,1
1180.16,1
390.08,1
418.6,1
589.99,1
1179.12,1
376.14,1
152.53,1
56.87,1
166.93,1
29139.17,1
266.41,1
1061.91,1
419.59,1
1452.68,1
39.14,1
11862.9,1
130.01,1
631.72,1
118.31,1
19.12,1
36449.0,1
248.58,1
20.6,1
248.04,1
47700.57,1
225.99,1
12983.3,1
15.93,1
42.22,1
199.66,1
2735.45,1
151.71,1
178.68,1
774.45,1
7953.77,1
83.67,1
95.84,1
151.96,1
1382.39,1
82.75,1
137.25,1
184.5,1
241.88,1
1946.56,1
982.81,1
136.83,1
795.3,1
558.39,1
1740.17,1
337.54,1
172.23,1
-66.93,1
781.62,1
44.12,1
973.81,1
987.39,1
455.19,1
1010.19,1
282.7,1
69414.0,1
268.26,1
939.96,1
25087.96,1
3611.24,1
2156.98,1
160.83,1
14465.02,1
103.95,1
298.2,1
1515.76,1
5939.93,1
16355.0,1
2056.29,1
32880.0,1
1058.93,1
488.43,1
80.7,1
1665.81,1
1297.51,1
285802.0,1
277.18,1
985.57,1
1048.65,1
761.85,1
201.94,1
1587.78,1
1654.05,1
32.92,1
2434.43,1
25.89,1
141.46,1
194.83,1
22065.8,1
297.44,1
487.37,1
666.32,1
173.65,1
143.1,1
982.93,1
9059.11,1
1629.32,1
126.4,1
2340.87,1
3734.83,1
7587.67,1
965.07,1
82299.48,1
224.26,1
603.0,1
1276.75,1
3524.18,1
1673.01,1
98.08,1
10.54,1
3298.27,1
124.73,1
16018.64,1
576.32,1
371.08,1
725.44,1
148.12,1
633.25,1
414.22,1
723.51,1
980.49,1
860.92,1
916.65,1
147.6,1
123.94,1
711.59,1
2884.34,1
130.28,1
1237.1,1
199.05,1
159.16,1
904.25,1
108.97,1
7095.0,1
112.69,1
18462.19,1
-52.81,1
2997.19,1
247.04,1
-166.62,1
545.27,1
651.37,1
460.62,1
158.95,1
1041.6,1
78.58,1
110.6,1
53.55,1
390.49,1
26555.67,1
45.19,1
93.1,1
66605.17,1
115.6,1
27.98,1
7534.98,1
359.54,1
5777.02,1
37783.0,1
163.8,1
394.85,1
204.44,1
257.89,1
590.0,1
24.5,1
36.5,1
12.75,1
55.25,1
90.0,1
5653.78,1
53.42,1
131.39,1
170.3,1
859.28,1
44.41,1
193.24,1
182.29,1
446.93,1
9200.0,1
126.0,1
1085.78,1
45.0,1
1330.88,1
69.01,1
1587.33,1
2796.23,1
327.89,1
-1584.44,1
191.36,1
-194.79,1
549.48,1
3001.0,1
663.23,1
44.59,1
1191.77,1
20430.97,1
98.68,1
5768.9,1
361.98,1
22398.0,1
1037.82,1
227.33,1
737.54,1
54.9,1
2032.35,1
113.04,1
131.67,1
7663.5,1
144256.0,1
1825.52,1
1989.72,1
113.26,1
3230.67,1
1299.84,1
83.89,1
4042.5,1
268.11,1
716.34,1
-120.24,1
700.19,1
60.61,1
137.32,1
121.24,1
14.3,1
262.73,1
-12.24,1
1036.75,1
179.01,1
156.62,1
1064.23,1
1961.55,1
2532.61,1
138.88,1
2171.06,1
508.02,1
43.39,1
703.0,1
315.34,1
225.33,1
69.74,1
48003.0,1
1001.0,1
1052.25,1
96314.25,1
67.83,1
60.24,1
996.1,1
1978.47,1
8323.2,1
1395.08,1
975.77,1
53.49,1
1338.14,1
167.58,1
391.01,1
122.52,1
982.46,1
22981.0,1
1729.09,1
331.27,1
724.24,1
209.73,1
1147.37,1
1801.8,1
21.23,1
447.23,1
362.51,1
156.73,1
2476.92,1
1109.97,1
112.54,1
4323.35,1
1552.31,1
860.67,1
48.48,1
16353.0,1
352.67,1
697.87,1
725.77,1
30.1,1
1295.07,1
698.13,1
4232.77,1
197.33,1
484.44,1
73.39,1
209.81,1
1019.55,1
620.45,1
176.19,1
1205.48,1
82.35,1
2696.3,1
1127.66,1
898.82,1
78.17,1
2323.35,1
587.88,1
4264.86,1
121.7,1
-60.98,1
5020.89,1
382.93,1
766.14,1
142.09,1
952.29,1
5624.0,1
209.5,1
162.02,1
546.69,1
174.91,1
2991.07,1
94.45,1
118.82,1
111.57,1
354.98,1
507.56,1
119.72,1
3563.67,1
86.84,1
639.03,1
3245.45,1
3506.55,1
952.97,1
394.22,1
1181.06,1
265.79,1
448.21,1
18.49,1
37953.55,1
1251.24,1
136859.76,1
1736.05,1
59.01,1
2075.5,1
2410.96,1
1568.02,1
137.83,1
4198.35,1
-136.9,1
20937.98,1
706468.41,1
96.66,1
487.44,1
18390.0,1
62468.88,1
1604.07,1
1763.93,1
98.51,1
89945.0,1
202.49,1
66.99,1
39.43,1
862.15,1
1544.48,1
1462.35,1
515.8,1
474.83,1
6462.04,1
-254.9,1
3359.0,1
115.78,1
40878.25,1
118.48,1
126.64,1
3089.85,1
29.11,1
1199.95,1
134.35,1
121.69,1
769.31,1
12514.0,1
649.29,1
194.3,1
9174.46,1
410.12,1
678.43,1
296.49,1
1785.18,1
466.88,1
294.79,1
3229.14,1
131686.71,1
200.78,1
230.57,1
36.16,1
1182.31,1
2403.38,1
6727.39,1
285.08,1
806.71,1
442.24,1
1920.59,1
209.74,1
2818.16,1
1382.02,1
544.33,1
1333.24,1
884.99,1
2421.74,1
788.15,1
43.15,1
703.46,1
106467.16,1
12313.69,1
191.31,1
194.96,1
25343.7,1
17.07,1
15.26,1
63412.0,1
3850.0,1
1252.82,1
1699.18,1
281.93,1
174.77,1
118.12,1
7445.27,1
469.49,1
936.13,1
269.65,1
9510.31,1
588.7,1
110.01,1
17148.7,1
34.66,1
137.2,1
18395.0,1
1668.73,1
8135.67,1
12.95,1
573.83,1
244.84,1
30.99,1
1211.76,1
405.6,1
98.05,1
33707.0,1
127.3,1
87.09,1
333.38,1
35798.0,1
39.07,1
957.61,1
1212.78,1
100.13,1
4132.67,1
34.52,1
177.0,1
6811.33,1
151.0,1
86.25,1
-245.0,1
103.09,1
1842.33,1
3297.77,1
83.09,1
589.3,1
13798.49,1
187.79,1
1645.67,1
62370.0,1
560.17,1
338.72,1
741.59,1
366.53,1
885.33,1
1423.45,1
1221.88,1
291.7,1
710.52,1
130.41,1
63225.29,1
198.8,1
-2006.99,1
-0.42,1
13089.29,1
4319.77,1
11968.17,1
768.49,1
1410.43,1
233.52,1
4373.97,1
184.05,1
347.98,1
2152.51,1
1452.03,1
50.37,1
3618.02,1
1728.68,1
119.91,1
1032.62,1
196.45,1
29.68,1
811.89,1
4785.18,1
239.36,1
208.21,1
120.39,1
84930.89,1
133.86,1
1758.11,1
778.02,1
75.87,1
138.64,1
777.49,1
112.13,1
0.12,1
381.5,1
933.1,1
123.13,1
7501.2,1
6683.22,1
1116.53,1
6699.66,1
344.75,1
470.39,1
435.09,1
789.82,1
447.76,1
3380.0,1
37800.0,1
80.24,1
34.78,1
21.37,1
6572.13,1
11769.48,1
2028.6,1
552.16,1
483.48,1
88.31,1
7770.0,1
453.22,1
313.63,1
548.74,1
3093.7,1
1416.8,1
74.95,1
-22.43,1
194.31,1
7960.68,1
-179.53,1
3386.77,1
178.38,1
708.6,1
939.68,1
1901.98,1
184.54,1
1635.68,1
701.86,1
11780.5,1
565.27,1
7970.95,1
311.73,1
677.15,1
760.38,1
1943.24,1
234.81,1
1046.49,1
170.07,1
127.35,1
210.45,1
21.52,1
4406.18,1
84.86,1
2065.81,1
7087.31,1
6273.92,1
481.04,1
439.94,1
389.95,1
539.98,1
338.41,1
7243.96,1
1334.55,1
593.14,1
214.4,1
8104.56,1
4169.25,1
400.73,1
8.94,1
4183.39,1
326.47,1
1548.64,1
143.96,1
151.49,1
365.86,1
542.54,1
5290.77,1
419.61,1
4817.88,1
1139.53,1
5180.36,1
39.56,1
20685.88,1
290.38,1
152.81,1
345.95,1
448.05,1
109.22,1
106.55,1
258.84,1
206.38,1
183.1,1
20.04,1
2377.73,1
41306.0,1
1195.07,1
184.02,1
148.97,1
1195.93,1
1795.36,1
27.69,1
127.96,1
938.71,1
869.66,1
48.36,1
625.86,1
2827.08,1
28.29,1
5265.04,1
847.88,1
6240.96,1
1382.68,1
652.55,1
3431.97,1
1018.03,1
67.35,1
64.29,1
345.49,1
1284.5,1
6055.58,1
2303.78,1
229356.03,1
328.04,1
685.14,1
1223.76,1
109.15,1
5216.71,1
174.39,1
215.07,1
157.66,1
320.5,1
100.8,1
528376.35,1
368.39,1
1694.94,1
-634.81,1
66859.83,1
87.93,1
68.99,1
217.02,1
354.58,1
696.53,1
4650.27,1
16575.62,1
18349.36,1
705.72,1
182.59,1
356.82,1
4628.66,1
253.47,1
2113.9,1
856.19,1
483085.0,1
629.19,1
38360.0,1
78.64,1
3251.6,1
377.16,1
760.04,1
147.65,1
14508.71,1
33.37,1
312.84,1
16021.0,1
566.5,1
140.62,1
409.5,1
2503.22,1
10680.0,1
1315.68,1
914.15,1
898.27,1
-0.02,1
284.12,1
6936.24,1
2192.75,1
193.57,1
1122.6,1
76.99,1
2498.73,1
5259.18,1
28967.0,1
-265.72,1
1252.22,1
209.83,1
199.5,1
241.92,1
121.89,1
218.72,1
188.05,1
381561.0,1
8.23,1
78.87,1
129.17,1
-466.8,1
2193.44,1
59729.16,1
1458.5,1
179.06,1
545.0,1
190.15,1
37.94,1
425.26,1
18.12,1
1266.31,1
27588.0,1
943.29,1
6374.34,1
10057.54,1
398.11,1
556.37,1
402.77,1
976.43,1
355.68,1
7080.0,1
51.69,1
110.72,1
1937.75,1
1422.14,1
366.16,1
178575.87,1
287.29,1
736.71,1
60.28,1
1050.5,1
548.68,1
186.11,1
1386.02,1
38.01,1
562.99,1
689.85,1
8178.05,1
937.38,1
36411.0,1
1279.4,1
1234.36,1
88.58,1
154.78,1
389.35,1
2782.36,1
1792.37,1
280.75,1
-142.08,1
48.06,1
170.99,1
14.14,1
441267.94,1
422.49,1
103530.0,1
702.13,1
1851.74,1
2340.37,1
1402.6,1
446.4,1
154.57,1
181.81,1
129.64,1
48411.99,1
33.94,1
3540.79,1
390.17,1
686.12,1
4118.4,1
3905.25,1
-38.3,1
2247.65,1
3949.03,1
1615.98,1
124.67,1
498.66,1
192.4,1
223.08,1
87.0,1
1041.52,1
57.09,1
278.56,1
970.11,1
1017.89,1
-356.0,1
764.0,1
94.8,1
54.5,1
259.26,1
330.0,1
40.5,1
420.5,1
497.09,1
111.0,1
2771.79,1
4351.54,1
401.37,1
732.54,1
975.22,1
84.18,1
188.79,1
1314.67,1
615.67,1
5677.53,1
53.09,1
1449.77,1
1118.43,1
1856.4,1
5225.09,1
7029.07,1
198.34,1
481.36,1
165.92,1
95.81,1
100.04,1
499.34,1
365024.0,1
523.5,1
3742.86,1
8072.96,1
1246.8,1
17762.0,1
186.99,1
148.36,1
11.78,1
-629.6,1
1339.99,1
54.39,1
386.9,1
24.03,1
108604.54,1
336.64,1
1208.6,1
715.2,1
2709.45,1
15945.78,1
853.94,1
1272.22,1
695.12,1
2312.85,1
102.61,1
631.17,1
355.45,1
160.55,1
93.97,1
7885.62,1
811.99,1
563.74,1
671.32,1
74.69,1
566958.0,1
-12.09,1
156.15,1
611.4,1
346.13,1
151.51,1
228.61,1
1561.92,1
360.98,1
316.01,1
2607.05,1
24.62,1
653.78,1
113.66,1
92.3,1
332640.0,1
493.74,1
763587.0,1
223.02,1
2538.9,1
240.49,1
186.86,1
742.64,1
1214.51,1
135.06,1
1244.62,1
21809.77,1
99.47,1
33639.97,1
87.81,1
128.11,1
1778.53,1
1295.76,1
599.27,1
1438.76,1
299.67,1
588.05,1
571.95,1
1061.6,1
127.61,1
49.27,1
654.79,1
5673.03,1
1581.88,1
951.83,1
3242.86,1
2754.65,1
82.65,1
8093.67,1
307.33,1
11200.3,1
1408.56,1
432.05,1
170.53,1
225.48,1
2534.11,1
89623.55,1
5159.89,1
5928.0,1
291.5,1
1989.64,1
312.59,1
7781.56,1
60.1,1
7689.69,1
1115.46,1
429.25,1
32926.09,1
5206.38,1
-26.28,1
401.01,1
662.59,1
191.62,1
4075.46,1
2984.99,1
1422.82,1
77.14,1
335.02,1
114.79,1
52589.91,1
19978.75,1
56.01,1
400.46,1
751.13,1
908.87,1
266.62,1
406.15,1
413.85,1
60.3,1
105.36,1
129.14,1
8.7,1
4550.0,1
35013.1,1
106.88,1
11774.27,1
82.21,1
2956.35,1
179812.99,1
3084.1,1
938.31,1
1442.61,1
195.72,1
116.67,1
2185.95,1
360.74,1
55389.97,1
17425.95,1
16981.0,1
58.72,1
36520.04,1
144.59,1
761.75,1
173.56,1
445.5,1
2378.78,1
476.57,1
5136.91,1
445.43,1
169.93,1
59.11,1
29.44,1
1372.83,1
1204.63,1
198.71,1
7517.1,1
2453.57,1
537.16,1
482.29,1
551.42,1
99.43,1
2023.73,1
484.53,1
213.74,1
368.48,1
1160.41,1
931.79,1
1158.95,1
643.49,1
1993.02,1
209.11,1
33872.0,1
469.35,1
16362.0,1
211.54,1
746.26,1
1464.6,1
36.52,1
234.97,1
23442.09,1
781.38,1
92.8,1
68790.0,1
731.7,1
1532.94,1
485.77,1
249.4,1
32.15,1
1210.28,1
8343.0,1
37.95,1
31.45,1
431.43,1
195.52,1
1153.93,1
4226.05,1
655.13,1
243.46,1
3377.73,1
590.79,1
51.46,1
44.31,1
1448.32,1
258.46,1
131.37,1
527.63,1
860.37,1
539.2,1
58.05,1
528.8,1
432.4,1
1172.79,1
5935.03,1
584.94,1
3410.79,1
424.94,1
2677.17,1
68.9,1
4326.15,1
719.29,1
211.57,1
34.36,1
169.28,1
7627.0,1
2508.0,1
7982.78,1
4104.0,1
786.07,1
721.93,1
1265.37,1
106.9,1
262.96,1
16.05,1
562.27,1
399.86,1
535.17,1
184.37,1
2019.67,1
692.3,1
-10.68,1
110.93,1
348.14,1
52.64,1
124.9,1
106.09,1
72898.0,1
4589.34,1
42.34,1
746.61,1
147.36,1
37316.39,1
244.88,1
389.03,1
51044.0,1
402.97,1
991.4,1
155.63,1
64.04,1
988.6,1
570.67,1
56.23,1
103.83,1
19762.0,1
276.25,1
169.71,1
21257.0,1
697.39,1
194946.0,1
130.4,1
14134.84,1
3059.7,1
1654.15,1
404.9,1
358.88,1
103.41,1
779.66,1
23.97,1
233.8,1
2116.59,1
925.98,1
2143.43,1
194937.0,1
219.21,1
281.16,1
4354.3,1
318.0,1
314.32,1
2708.01,1
309.45,1
1977.75,1
7237.99,1
26.08,1
223.36,1
110.92,1
195.04,1
436.75,1
332.62,1
1884.0,1
370.0,1
8836.23,1
7908.49,1
13197.0,1
582.17,1
1855.08,1
686.93,1
259.01,1
916.26,1
1500.19,1
-32.49,1
5185.0,1
120222.83,1
761.56,1
241.56,1
337.67,1
859.5,1
3970.72,1
273.66,1
65650.0,1
448.23,1
500.48,1
906.23,1
38881.81,1
12900.0,1
53.14,1
1527.37,1
3595.6,1
8517.04,1
131.1,1
227.6,1
236.83,1
673.78,1
227.9,1
162.35,1
7299.93,1
3542.0,1
307.25,1
1040.25,1
259.96,1
101.37,1
172.85,1
1018.52,1
102.54,1
51.38,1
1377.2,1
14.87,1
208.66,1
25858.0,1
1020.5,1
57.28,1
275.67,1
20348.78,1
883.77,1
4828.73,1
168.73,1
139.26,1
2964.24,1
187.72,1
1050.24,1
535.24,1
701.55,1
264.38,1
60.02,1
2266.93,1
273.47,1
58779.0,1
267.12,1
512.17,1
673.2,1
11594.31,1
2770.14,1
76.32,1
3460.9,1
3703.45,1
1598.51,1
454.58,1
326.26,1
939.3,1
958.47,1
33039.66,1
391.42,1
89.7,1
27561.84,1
666.72,1
277.94,1
4211.01,1
121.42,1
51.54,1
1024.17,1
378.54,1
213.73,1
5947.52,1
2390.54,1
1220.73,1
53.12,1
121.32,1
49.35,1
980.19,1
161.35,1
406.35,1
5237.79,1
380.45,1
146.58,1
12069.59,1
387.3,1
-19.46,1
2417.62,1
930.85,1
40574.92,1
3315.35,1
1287.79,1
170.98,1
312.12,1
1563.35,1
1268.65,1
1147.64,1
189.94,1
180.57,1
149.6,1
3457.59,1
562.55,1
57.14,1
261.02,1
25.09,1
137.09,1
424.45,1
321.74,1
2291.88,1
58189.68,1
77.07,1
135.32,1
653.01,1
307325.0,1
233.91,1
1147.01,1
8198.86,1
760.25,1
1072.48,1
374.5,1
442.22,1
-157.41,1
832.61,1
140.46,1
2366.84,1
3968.57,1
409.08,1
1091.69,1
1123.49,1
1918.14,1
137.43,1
44.34,1
113650.0,1
2030.03,1
3760.83,1
87.23,1
19600.0,1
827.0,1
127.56,1
528.44,1
1844.02,1
9769.92,1
1051.98,1
5345.91,1
845.15,1
1437.7,1
23410.08,1
435.84,1
31.61,1
80.76,1
143.33,1
3144.24,1
103.2,1
61.9,1
4952.45,1
119.92,1
13962.44,1
145.75,1
11.95,1
204.23,1
50144.44,1
360118.91,1
737.13,1
1285.74,1
2072.37,1
425.15,1
533.7,1
38355.0,1
51.3,1
1541.52,1
120.35,1
65596.62,1
75.07,1
-760.98,1
5055.0,1
160.95,1
68.88,1
58.58,1
14151.94,1
96.71,1
741.88,1
2526.87,1
25.6,1
17639.73,1
1687273.0,1
1574.92,1
1868.2,1
82.89,1
239.16,1
116.41,1
1415.0,1
1931.77,1
352.0,1
113.18,1
57.32,1
811.11,1
-12.5,1
2960.0,1
88.0,1
51.0,1
156.37,1
-44.0,1
10.5,1
29.75,1
224.04,1
108.67,1
205.41,1
108.0,1
480.0,1
25210.39,1
60.0,1
117.59,1
44.0,1
1331.56,1
576.0,1
910.22,1
39.34,1
256.79,1
238.79,1
52.0,1
1568.67,1
157.37,1
582.67,1
99.18,1
139.68,1
703.55,1
32.23,1
80.48,1
39.66,1
818.86,1
87.26,1
51757.51,1
494.27,1
2908.31,1
1202.88,1
611.13,1
103.24,1
7326.84,1
20734.5,1
468.11,1
41.89,1
28143.26,1
57.61,1
229.64,1
34.83,1
1407.32,1
200.8,1
440.99,1
22.43,1
3101.0,1
32742.88,1
64664.2,1
144.08,1
14151.96,1
286.72,1
93.61,1
3417.92,1
131.24,1
2077.6,1
39444.0,1
2052.82,1
91.06,1
722.93,1
374.01,1
267.47,1
579.53,1
721.07,1
91.48,1
31.47,1
1448.07,1
298.06,1
2977.06,1
26.82,1
2220.0,1
320.79,1
361.91,1
1025.92,1
40490.0,1
338.48,1
5163.49,1
214.61,1
789.26,1
337.37,1
1494.37,1
57.15,1
24.55,1
2451.26,1
94.05,1
99.69,1
99.05,1
156.9,1
78.66,1
35.68,1
26.79,1
13320.0,1
3682.5,1
456.52,1
11401.25,1
734.38,1
765.62,1
45305.48,1
605.05,1
730.95,1
3672.12,1
421.4,1
148.45,1
3038.19,1
672.64,1
2645.72,1
49702.0,1
3800.93,1
5163.58,1
2694.11,1
131275.51,1
2442.21,1
87117.0,1
2860.49,1
242545.65,1
365.95,1
211.3,1
785.97,1
3146.5,1
84.42,1
222.07,1
728.1,1
159.62,1
29.81,1
13071.86,1
20033.31,1
2297.23,1
-56.42,1
789.58,1
281.26,1
363.63,1
470.22,1
638.97,1
633.03,1
177.52,1
41.91,1
96.72,1
560.7,1
397.93,1
284.07,1
161.25,1
1792.61,1
1676.84,1
17.99,1
2358.86,1
256.81,1
2251.46,1
36.37,1
1430.62,1
788.69,1
186.35,1
452.35,1
4590.21,1
1003.49,1
6713.25,1
401.53,1
7406.11,1
579.67,1
389.61,1
1008.5,1
355.5,1
60.14,1
9222.89,1
104.51,1
1222.79,1
158.49,1
120.99,1
2041.21,1
3004.41,1
980.24,1
1082.35,1
148.95,1
74.47,1
235.07,1
749.89,1
45935.43,1
33326.0,1
355.97,1
-696.75,1
464.24,1
-31.37,1
9.08,1
6126.04,1
1127.2,1
41.21,1
107.16,1
971.15,1
422.28,1
96.16,1
16851.0,1
22650.0,1
131.59,1
528.18,1
1465.46,1
108.27,1
836.91,1
224.43,1
1089.86,1
66.77,1
330.97,1
148.08,1
3734.36,1
1555.31,1
1791.58,1
197.36,1
935.65,1
87.4,1
1617.03,1
321.02,1
41.18,1
2435.72,1
42.03,1
7498.0,1
3657.96,1
658.65,1
4955.63,1
5694.45,1
1063.11,1
67.8,1
8326.75,1
457.85,1
446038.58,1
230.85,1
144.33,1
83.7,1
19.63,1
417.34,1
726.79,1
739.07,1
165.38,1
11241.33,1
430.49,1
663.09,1
6406.94,1
33.22,1
83.62,1
859.47,1
972.92,1
13823.64,1
589.22,1
374.9,1
170.55,1
246.2,1
155.69,1
55.8,1
36.55,1
240.7,1
6979.0,1
5031.03,1
32.19,1
102511.44,1
2769.25,1
130.47,1
17223.65,1
61.95,1
224.89,1
7923.01,1
602.55,1
45.07,1
255.46,1
581.86,1
450.59,1
585.22,1
298.96,1
341.73,1
28826.77,1
-31.36,1
869.57,1
49525.37,1
157.36,1
8.24,1
918.17,1
366.15,1
785.95,1
167.79,1
75.94,1
1394.52,1
89.84,1
2411.55,1
67.16,1
2249.1,1
486.19,1
474.47,1
333.35,1
7351.97,1
2297.64,1
53.52,1
190.26,1
382.39,1
761.6,1
263.07,1
107.46,1
259386.65,1
12937.0,1
66.52,1
58.49,1
654.96,1
452.36,1
1150.33,1
171.02,1
122.06,1
46.6,1
235.6,1
14.09,1
72.91,1
126.63,1
95.9,1
298.99,1
114.03,1
412.97,1
163.45,1
132.78,1
2427.9,1
2821.15,1
60.04,1
572.99,1
921.42,1
403.48,1
254.64,1
97.91,1
47.2,1
120998.8,1
133247.0,1
224.84,1
8768.29,1
808.5,1
413.0,1
301.18,1
3640.0,1
21474.07,1
683.61,1
2394.76,1
346.95,1
35.64,1
292.12,1
3114.57,1
21134.13,1
878.28,1
105.97,1
387.9,1
1053.35,1
2680.98,1
1065.16,1
1275.51,1
5604.82,1
685.04,1
27.3,1
2241.03,1
1320.93,1
79907.71,1
50894.0,1
317.12,1
252.51,1
276.92,1
222.28,1
1781.76,1
2187.96,1
179.99,1
288.28,1
4968.01,1
805.01,1
358.18,1
3821.0,1
5167.11,1
130.25,1
89.75,1
1775.07,1
-653.5,1
2924.75,1
5712.16,1
2675.09,1
718.01,1
117.49,1
117715.73,1
296024.45,1
1371.48,1
353.25,1
90.44,1
400.16,1
66.46,1
254.97,1
4318.12,1
406.27,1
619.72,1
1112.32,1
186.17,1
803.46,1
72.81,1
1227.09,1
241.61,1
193.69,1
176.31,1
1361.37,1
392.95,1
297.05,1
311.69,1
92.55,1
73.19,1
380.89,1
646.17,1
1696.39,1
2370.33,1
7667.51,1
199.87,1
191.02,1
344.4,1
67.15,1
81.85,1
208.31,1
1052.74,1
628.92,1
203.76,1
51.31,1
148.13,1
4618.17,1
221.77,1
1256.18,1
1071.82,1
471.12,1
700.2,1
164.2,1
149.2,1
250.76,1
497.06,1
53676.39,1
28042.0,1
283.6,1
8975.7,1
2582.97,1
495.14,1
69.22,1
390.56,1
28535.98,1
382.59,1
7643.0,1
646.5,1
26474.0,1
241.16,1
307.77,1
-539.64,1
210.09,1
103.43,1
56.63,1
126.34,1
51397.69,1
292537.29,1
301.22,1
440.26,1
237.29,1
9644.17,1
17573.18,1
29165.86,1
177.48,1
629.33,1
92.21,1
758.57,1
97.24,1
776.81,1
706.56,1
443.19,1
1125.11,1
418.56,1
184.58,1
491.53,1
497.39,1
367.3,1
521.87,1
635262.0,1
56.12,1
876.28,1
1017.2,1
2512.61,1
68.7,1
2647.2,1
1070.46,1
2530.3,1
65.99,1
39.39,1
2111.98,1
804.27,1
352.68,1
11.53,1
201.85,1
423.3,1
583.69,1
3299.0,1
1268.98,1
47.11,1
121.16,1
-41.7,1
784.43,1
1299.96,1
64.18,1
612.04,1
209.78,1
221.59,1
41.11,1
130.36,1
427.45,1
393.24,1
101.36,1
202.24,1
5316.85,1
19.99,1
62.47,1
33.02,1
388.57,1
459.51,1
737.57,1
578.43,1
424.44,1
5707.23,1
1364.03,1
95.15,1
1143.3,1
52.91,1
318.86,1
1045.87,1
2017.41,1
2355.38,1
584.3,1
15451.0,1
2186.84,1
34.4,1
4183.25,1
1608.89,1
163.04,1
624.99,1
1522.87,1
1024.3,1
771.85,1
3418.26,1
132.6,1
29.49,1
107.44,1
105.51,1
597.32,1
49.1,1
294.82,1
4312.0,1
18989.4,1
69.4,1
3378.91,1
831.23,1
293.46,1
439.08,1
2592.19,1
17852.91,1
1055.81,1
57.5,1
38000.0,1
23263.32,1
141.44,1
267.83,1
8625.0,1
77.96,1
573.88,1
159.53,1
401.67,1
958.55,1
2789.8,1
159.7,1
186.19,1
361.68,1
464.33,1
67.58,1
121.35,1
12250.65,1
10721.17,1
4407.58,1
4032.48,1
125.01,1
2440.65,1
770.14,1
6572.17,1
59.44,1
386.36,1
63.84,1
240.43,1
17387.56,1
3278.22,1
3280.0,1
58.5,1
1101.35,1
110.63,1
907.89,1
37.82,1
147.68,1
504.04,1
1113.33,1
1584.0,1
106.4,1
491.95,1
285.39,1
1978.44,1
75.18,1
242147.0,1
16741.18,1
694.33,1
45.04,1
15008.89,1
151.72,1
2971.54,1
117.07,1
104.93,1
172.67,1
208.63,1
2143.39,1
39.71,1
6060.0,1
61.58,1
1350.0,1
167.56,1
10940.0,1
45.42,1
554.36,1
15383.15,1
5198.85,1
1474.05,1
138.49,1
811.35,1
114.17,1
1434.34,1
399.44,1
533.52,1
322.26,1
2114.78,1
1478.61,1
763.37,1
1880.83,1
15.48,1
2473.26,1
261.42,1
1925.62,1
220.11,1
237.63,1
1895.17,1
1222.96,1
282.71,1
117.43,1
2117.32,1
79.74,1
627.21,1
2950.71,1
135.28,1
30256.0,1
561.74,1
642.92,1
6337.48,1
336.7,1
1573.2,1
1446.76,1
1679.63,1
840.4,1
120.21,1
428.85,1
4947.49,1
536.4,1
942.41,1
526.4,1
2131.86,1
5382.31,1
237.9,1
366.2,1
566.94,1
345.32,1
67.45,1
117.53,1
1483.14,1
3062.13,1
170.94,1
130.07,1
7549.82,1
155.4,1
3796.43,1
929.25,1
1016.31,1
21976.09,1
136.61,1
104.23,1
114.23,1
35827.47,1
581.72,1
2752.88,1
221601.06,1
8963.32,1
1158.86,1
858.38,1
976.57,1
573.0,1
553.5,1
4920.0,1
18300.0,1
256.86,1
7411.9,1
1979.69,1
307.13,1
92931.0,1
236520.0,1
3413.18,1
56642.0,1
962.62,1
182.8,1
1044.11,1
5142.8,1
307.62,1
182.6,1
7.06,1
82.44,1
2089.88,1
320.7,1
334.32,1
307.56,1
240.57,1
1208.07,1
535.69,1
6655.09,1
643.47,1
212.96,1
208.65,1
2730.0,1
919.41,1
1104.37,1
246.24,1
106.02,1
93.12,1
495.99,1
320.61,1
1022.87,1
894.3,1
3765.44,1
380.85,1
362.4,1
114.35,1
140.14,1
302.4,1
2062.09,1
600.98,1
60.44,1
290.4,1
292.17,1
225.53,1
52.8,1
72900.0,1
1094.92,1
315.13,1
20853.0,1
483.5,1
121.74,1
45.16,1
110164.0,1
56.78,1
762.9,1
33.79,1
2697.15,1
250.78,1
81.16,1
57.04,1
2156.46,1
12180.07,1
2647.43,1
734.3,1
75.72,1
5482.01,1
620.72,1
753.64,1
49.96,1
443.09,1
175.04,1
1399.0,1
160.31,1
114.75,1
165.0,1
1793.89,1
21260.78,1
23.8,1
5920.0,1
75201.0,1
955.39,1
42.57,1
284.9,1
2468.3,1
2571.68,1
2535.56,1
32188.68,1
127.9,1
3005.17,1
37.66,1
729.72,1
1717.31,1
318.51,1
103.77,1
1030.42,1
111.06,1
318.27,1
271.31,1
4107.92,1
529.65,1
301.62,1
214.56,1
221.6,1
631.52,1
141.85,1
337.77,1
442.8,1
51.15,1
14471.01,1
3456.03,1
-31.94,1
5410.0,1
51.84,1
39.87,1
75600.0,1
876.22,1
43701.94,1
41.57,1
337.98,1
70026.04,1
312.05,1
203.39,1
510.23,1
479.33,1
201.3,1
439.87,1
183.52,1
184.18,1
165.03,1
1310.22,1
662.75,1
243.45,1
814680.0,1
5583.6,1
215.48,1
53992.0,1
442.5,1
14.28,1
964.19,1
592.82,1
385.59,1
437.24,1
173.01,1
2088.8,1
215.01,1
413.24,1
487.87,1
2680.95,1
427.95,1
23425.03,1
128.04,1
2601.37,1
423.31,1
374.69,1
1368.78,1
133602.45,1
277.14,1
626.07,1
14494.2,1
135.43,1
117.93,1
160.88,1
483.58,1
37.84,1
5783.28,1
124.99,1
428.03,1
85.57,1
2570.9,1
615.94,1
2199.42,1
503.7,1
345.35,1
73.89,1
1623.13,1
156.08,1
36349.41,1
1135.09,1
21362.0,1
149.79,1
868.84,1
10625.0,1
92.87,1
277.31,1
59503.0,1
274.5,1
135.75,1
-36.2,1
232.83,1
580.5,1
19000.0,1
168.17,1
134.32,1
221.1,1
1315.99,1
237.6,1
80.77,1
6137.21,1
346.85,1
637.68,1
6371.2,1
2585.26,1
275.69,1
173.4,1
22854.25,1
493.47,1
4402.27,1
3443.02,1
224.06,1
1375.35,1
161.94,1
237.65,1
963.75,1
285.02,1
-72.73,1
70.14,1
182.91,1
21.59,1
4084.22,1
272.45,1
947.1,1
296.45,1
288.12,1
207.34,1
2406.49,1
7459.11,1
469.94,1
453.87,1
561.2,1
1345.32,1
402.14,1
168.96,1
479.32,1
273.59,1
87312.0,1
-146.25,1
1257.19,1
212.75,1
192.67,1
110.97,1
279.67,1
114.78,1
313.61,1
5042.77,1
406.77,1
136.93,1
315.92,1
95.79,1
696.94,1
287.01,1
253.04,1
770.46,1
1099.61,1
1609.09,1
170.87,1
6141.15,1
273.67,1
327.01,1
167.62,1
5.47,1
106.87,1
2602.81,1
3147.47,1
279.93,1
518.91,1
1777.12,1
14435.29,1
223603.6,1
1069.2,1
322.02,1
3064.84,1
14582.0,1
3383.91,1
762.95,1
684.63,1
975.37,1
316.67,1
664.2,1
125.1,1
191.69,1
11924.51,1
881.56,1
4060.07,1
35.19,1
1256.43,1
269.06,1
-9.7,1
7556.7,1
1263.57,1
160.17,1
394.7,1
1548.38,1
255.43,1
8450.59,1
-5.94,1
141.91,1
74673.99,1
1156.0,1
938.92,1
118.75,1
282.18,1
2891.22,1
-3.12,1
10.11,1
397.32,1
134.34,1
2348.48,1
5425.77,1
279.19,1
4828.24,1
257.66,1
498.26,1
1530.32,1
483.54,1
209.23,1
94.93,1
3294.54,1
5782.19,1
29.06,1
1907.62,1
4693.37,1
1414.95,1
1287.74,1
4110.41,1
402.52,1
47897.58,1
73.2,1
42.63,1
116.32,1
200.37,1
235.67,1
2695.14,1
28.45,1
1123.08,1
8309.72,1
470.66,1
16.11,1
59.48,1
89.3,1
1793.7,1
1190.3,1
46779.79,1
1764.29,1
3755.69,1
234.48,1
2011.71,1
2711.8,1
11604.81,1
235.56,1
160.63,1
4038490.0,1
10492.52,1
179.45,1
234.44,1
266.64,1
407.83,1
271.02,1
-6.9,1
771.99,1
468.27,1
424835.01,1
79.61,1
8321.98,1
955.46,1
687.56,1
3273.12,1
694.1,1
239.78,1
1466.17,1
-56.79,1
17212.0,1
107.88,1
-729.29,1
403.79,1
796.5,1
68.73,1
606.04,1
5178.36,1
41373.0,1
470.6,1
846.29,1
141.43,1
319.49,1
1808.31,1
783.07,1
1307.62,1
1087.69,1
2307.27,1
421.51,1
84.27,1
1859.42,1
16.39,1
2246.59,1
235.01,1
3371.0,1
2302.44,1
58.27,1
273.95,1
233.61,1
158.39,1
7950.91,1
21032.0,1
937.44,1
938.7,1
516.67,1
935.33,1
1755.05,1
111.73,1
134.16,1
15.71,1
234.76,1
21150.0,1
-58.48,1
467.33,1
274.67,1
1826.16,1
393781.0,1
865.77,1
15169.0,1
2340.19,1
960594.0,1
1023.55,1
272.38,1
15454.26,1
154135.0,1
4041.09,1
894.46,1
1101.06,1
269.89,1
198.89,1
275.28,1
341.42,1
2831.71,1
15443.17,1
1512.58,1
789.21,1
4102.3,1
81.83,1
1049.82,1
719.17,1
7918.59,1
146.55,1
2344.26,1
234.29,1
39.31,1
174.82,1
388.04,1
390.55,1
1285.85,1
53.0,1
324.0,1
510.0,1
264.0,1
20.75,1
944.0,1
106.0,1
4105.64,1
777.11,1
1736.0,1
82.34,1
51.5,1
49189.85,1
109.9,1
4311.0,1
1951.49,1
977.8,1
725.2,1
533.66,1
152.94,1
75.73,1
868.24,1
49936.32,1
7174.67,1
6597.0,1
70.99,1
4818.62,1
3461.58,1
130.89,1
252.87,1
94.06,1
44.24,1
493.76,1
90.86,1
127.92,1
2203.5,1
256.08,1
64.82,1
748.32,1
246.91,1
1644.72,1
235.68,1
25432.0,1
77.28,1
208.5,1
182.09,1
3273.22,1
1235.0,1
2666.75,1
78.86,1
116.31,1
1220.29,1
12382.44,1
785.82,1
29.32,1
1044.53,1
138.11,1
281.21,1
131.26,1
24.64,1
73.48,1
309.16,1
327.47,1
82854.28,1
244.74,1
1608.09,1
42.33,1
104.62,1
483.63,1
320.37,1
23381.25,1
86.05,1
2055.71,1
261.69,1
112.05,1
10410.75,1
2260.79,1
120.05,1
32197.0,1
839.76,1
80.45,1
691.37,1
1752.39,1
16.56,1
671.87,1
287.4,1
182.69,1
48.8,1
600.7,1
471.65,1
430.62,1
1850.54,1
119.38,1
2549.91,1
343.49,1
207309.41,1
111.12,1
173.99,1
57.06,1
120.6,1
26975.69,1
81.88,1
57.8,1
274.17,1
415.06,1
917.7,1
62994.0,1
191.46,1
40.7,1
1056.97,1
269.41,1
597.36,1
3445.85,1
622.55,1
329.56,1
540.91,1
1009.02,1
813.79,1
30186.8,1
5780.68,1
4864.45,1
2855.44,1
364.35,1
203.44,1
33.38,1
6953.0,1
267.36,1
348.8,1
1654.06,1
29769.26,1
4805.1,1
1561.94,1
275.63,1
18639.87,1
379.79,1
2372.82,1
644.42,1
5043.53,1
425.72,1
1070.27,1
704.59,1
1315.24,1
1980.85,1
521.31,1
602.67,1
110.14,1
91.79,1
31.37,1
13375.85,1
183.42,1
2666.5,1
468.05,1
6236.99,1
30.19,1
188.45,1
457.12,1
2041.01,1
2489.42,1
43.47,1
569.22,1
125.57,1
1255.1,1
190.3,1
146032.0,1
345.34,1
863.28,1
2584.2,1
751.08,1
28.68,1
842.3,1
777.04,1
14152.02,1
7854.0,1
6405.19,1
132.21,1
80.79,1
2357.67,1
713.58,1
232.22,1
362.37,1
109886.0,1
55.53,1
457.58,1
147.74,1
28.33,1
207.88,1
471.2,1
1932.13,1
50.2,1
73.17,1
64.97,1
39.57,1
59.04,1
89550.84,1
621.86,1
346.59,1
6800.43,1
4150.78,1
658.93,1
103.36,1
180.51,1
344.23,1
1362.97,1
535.65,1
947.35,1
717.79,1
829.77,1
2862.62,1
1856.64,1
486.97,1
914.21,1
688.48,1
5926.36,1
270.22,1
1249.43,1
14550.02,1
816.49,1
1875.87,1
1505.3,1
5878.27,1
1622.02,1
648.28,1
3087.06,1
263.67,1
527.62,1
262.19,1
590.73,1
234.42,1
60.86,1
1186.54,1
6044.45,1
757.84,1
213.54,1
5025.61,1
2092.92,1
121.46,1
16866.85,1
783.05,1
1745.9,1
774.03,1
365.4,1
49.46,1
41.04,1
74.86,1
2029.75,1
145060.0,1
3868.44,1
20263.02,1
106.26,1
267.87,1
50855.0,1
714.66,1
3603.28,1
24351.4,1
676.6,1
121.04,1
8903.58,1
1434.33,1
85.42,1
76024.46,1
227.31,1
1476.0,1
116.09,1
1027.89,1
1060.11,1
182.18,1
810.39,1
617.61,1
101.29,1
93.09,1
421.38,1
456.12,1
536.72,1
550.52,1
1782.56,1
972.72,1
189.88,1
1637.67,1
14205.28,1
1700.5,1
5041.53,1
28.59,1
2178.46,1
80.23,1
80.57,1
1368.57,1
1101.88,1
1358.8,1
904.2,1
